"","Wine.Color","fixed.acidity","volatile.acidity","citric.acid","residual.sugar","chlorides","free.sulfur.dioxide","total.sulfur.dioxide","density","pH","sulphates","alcohol","Class"
"1","R",8.6,0.45,0.31,2.6,0.086,21,50,0.9982,3.37,0.91,9.9,"Good"
"2","W",6.9,0.25,0.24,3.6,0.057,13,85,0.9942,2.99,0.48,9.5,"Bad"
"3","W",8.1,0.2,0.28,0.9,0.023,49,87,0.99062,2.92,0.36,11.1,"Good"
"4","R",7.8,0.56,0.19,2.1,0.081,15,105,0.9962,3.33,0.54,9.5,"Bad"
"5","W",6.3,0.35,0.3,5.7,0.035,8,97,0.9927,3.27,0.41,11,"Good"
"6","W",6,0.27,0.15,1.5,0.056,35,128,0.9936,3.12,0.45,8.8,"Good"
"7","R",6.3,0.47,0,1.4,0.055,27,33,0.9922,3.45,0.48,12.3,"Bad"
"8","W",7.4,0.27,0.26,11.8,0.053,55,173,0.99699,3.11,0.6,9.8,"Good"
"9","W",6.1,0.34,0.29,2.2,0.036,25,100,0.98938,3.06,0.44,11.8,"Good"
"10","W",6.4,0.17,0.32,2.4,0.048,41,200,0.9938,3.5,0.5,9.7,"Bad"
"11","W",6.3,0.19,0.29,2,0.022,33,96,0.98902,3.04,0.54,12.8,"Good"
"12","R",7.3,0.74,0.08,1.7,0.094,10,45,0.99576,3.24,0.5,9.8,"Good"
"13","R",8.7,0.78,0.51,1.7,0.415,12,66,0.99623,3,1.17,9.2,"Bad"
"14","R",6.8,0.77,0,1.8,0.066,34,52,0.9976,3.62,0.68,9.9,"Good"
"15","W",7.5,0.26,0.3,4.6,0.027,29,92,0.99085,3.15,0.38,12,"Good"
"16","W",7.7,0.28,0.29,4.3,0.051,25,142,0.9939,3.16,0.39,10.2,"Bad"
"17","W",7.5,0.23,0.49,7.7,0.049,61,209,0.9941,3.14,0.3,11.1,"Good"
"18","W",7.8,0.25,0.28,7.2,0.04,46,179,0.99541,3.14,0.6,10.1,"Bad"
"19","W",6.6,0.4,0.46,6.2,0.056,42,241,0.9968,3.5,0.6,9.9,"Bad"
"20","W",6,0.26,0.18,7,0.055,50,194,0.99591,3.21,0.43,9,"Bad"
"21","W",7.7,0.46,0.18,3.3,0.054,18,143,0.99392,3.12,0.51,10.8,"Bad"
"22","W",5.2,0.36,0.02,1.6,0.031,24,104,0.9896,3.44,0.35,12.2,"Good"
"23","W",8.3,0.14,0.34,1.1,0.042,7,47,0.9934,3.47,0.4,10.2,"Good"
"24","W",7.1,0.12,0.32,9.6,0.054,64,162,0.9962,3.4,0.41,9.4,"Bad"
"25","W",6.7,0.47,0.29,4.75,0.034,29,134,0.99056,3.29,0.46,13,"Good"
"26","W",7.2,0.23,0.39,2.3,0.033,29,102,0.9908,3.26,0.54,12.3,"Good"
"27","W",5.3,0.21,0.29,0.7,0.028,11,66,0.99215,3.3,0.4,9.8,"Bad"
"28","W",6.7,0.22,0.37,1.6,0.028,24,102,0.9913,3.29,0.59,11.6,"Good"
"29","W",7.4,0.25,0.36,2.05,0.05,31,100,0.992,3.19,0.44,10.8,"Bad"
"30","W",6.2,0.35,0.29,3.9,0.041,22,79,0.99005,3.1,0.59,12.06666667,"Bad"
"31","W",6.7,0.21,0.32,5.4,0.047,29,140,0.995,3.39,0.46,9.7,"Bad"
"32","W",10,0.91,0.42,1.6,0.056,34,181,0.9968,3.11,0.46,10,"Bad"
"33","W",7,0.12,0.29,10.3,0.039,41,98,0.99564,3.19,0.38,9.8,"Good"
"34","W",7.4,0.26,0.29,3.7,0.048,14,73,0.9915,3.06,0.45,11.4,"Bad"
"35","W",5.7,0.39,0.25,4.9,0.033,49,113,0.98966,3.26,0.58,13.1,"Good"
"36","W",8.3,0.3,0.36,10,0.042,33,169,0.9982,3.23,0.51,9.3,"Good"
"37","W",6.1,0.16,0.37,1.1,0.031,37,97,0.9922,3.4,0.58,10.5,"Good"
"38","W",7.3,0.19,0.27,13.9,0.057,45,155,0.99807,2.94,0.41,8.8,"Good"
"39","W",5,0.61,0.12,1.3,0.009,65,100,0.9874,3.26,0.37,13.5,"Good"
"40","W",6.6,0.23,0.24,3.9,0.045,36,138,0.9922,3.15,0.64,11.3,"Good"
"41","W",5.9,0.26,0.27,18.2,0.048,52,168,0.9993,3.35,0.44,9.4,"Bad"
"42","R",10.6,0.36,0.59,2.2,0.152,6,18,0.9986,3.04,1.05,9.4,"Bad"
"43","W",7,0.29,0.49,3.8,0.047,37,136,0.9938,2.95,0.4,9.4,"Good"
"44","R",8.9,0.48,0.53,4,0.101,3,10,0.99586,3.21,0.59,12.1,"Good"
"45","W",6.6,0.27,0.49,7.8,0.049,62,217,0.9959,3.17,0.45,9.4,"Good"
"46","W",7.7,0.17,0.52,5.9,0.017,21,84,0.9929,3.14,0.4,11.9,"Good"
"47","W",6.8,0.25,0.34,4.7,0.031,34,134,0.9927,3.21,0.38,10.6,"Good"
"48","W",6,0.28,0.27,15.5,0.036,31,134,0.99408,3.19,0.44,13,"Good"
"49","W",6.1,0.4,0.31,0.9,0.048,23,170,0.993,3.22,0.77,9.5,"Bad"
"50","W",6.4,0.39,0.21,1.2,0.041,35,136,0.99225,3.15,0.46,10.2,"Bad"
"51","W",6.4,0.28,0.23,6,0.051,50,162,0.994,3.15,0.52,10.2,"Bad"
"52","W",8.4,0.2,0.38,11.8,0.055,51,170,1.0004,3.34,0.82,8.9,"Good"
"53","W",6.9,0.19,0.33,1.6,0.043,63,149,0.9925,3.44,0.52,10.8,"Bad"
"54","W",7.4,0.25,0.36,13.2,0.067,53,178,0.9976,3.01,0.48,9,"Good"
"55","W",6.1,0.22,0.28,16.55,0.059,54,135,0.99665,3.2,0.38,10.5,"Good"
"56","W",5.7,0.43,0.3,5.7,0.039,24,98,0.992,3.54,0.61,12.3,"Good"
"57","W",7.2,0.25,0.28,14.4,0.055,55,205,0.9986,3.12,0.38,9,"Good"
"58","W",7,0.15,0.38,2.2,0.047,33,96,0.9928,3.13,0.39,10.4,"Good"
"59","R",14.3,0.31,0.74,1.8,0.075,6,15,1.0008,2.86,0.79,8.4,"Good"
"60","R",9.5,0.56,0.33,2.4,0.089,35,67,0.9972,3.28,0.73,11.8,"Good"
"61","R",6.6,0.855,0.02,2.4,0.062,15,23,0.99627,3.54,0.6,11,"Good"
"62","W",7.2,0.34,0.3,8.4,0.051,40,167,0.99756,3.48,0.62,9.7,"Good"
"63","W",7.7,0.28,0.35,15.3,0.056,31,117,0.9998,3.27,0.5,9.6,"Bad"
"64","W",4.8,0.65,0.12,1.1,0.013,4,10,0.99246,3.32,0.36,13.5,"Bad"
"65","W",6.7,0.26,0.29,7.1,0.036,28,100,0.99534,3.08,0.36,9.3,"Good"
"66","R",7.1,0.59,0,2.2,0.078,26,44,0.99522,3.42,0.68,10.8,"Bad"
"67","W",6,0.33,0.18,3,0.036,5,85,0.99125,3.28,0.4,11.5,"Bad"
"68","W",6.8,0.28,0.6,1.1,0.132,42,127,0.9934,3.09,0.44,9.1,"Bad"
"69","R",7.8,0.56,0.12,2,0.082,7,28,0.997,3.37,0.5,9.4,"Bad"
"70","W",6.6,0.23,0.18,8.5,0.044,59,188,0.99558,3.16,0.49,9.5,"Bad"
"71","W",7.4,0.27,0.28,1.8,0.04,45,121,0.99043,3.02,0.4,11.9,"Good"
"72","W",7.7,0.31,0.23,2,0.069,29,134,0.99382,3.11,0.62,9.8,"Bad"
"73","W",6.8,0.26,0.32,7,0.041,38,118,0.9939,3.25,0.52,10.8,"Good"
"74","R",8.1,0.29,0.36,2.2,0.048,35,53,0.995,3.27,1.01,12.4,"Good"
"75","W",6,0.28,0.29,19.3,0.051,36,174,0.99911,3.14,0.5,9,"Bad"
"76","W",6.5,0.26,0.34,16.3,0.051,56,197,1.0004,3.49,0.42,9.8,"Bad"
"77","W",6.9,0.23,0.41,8,0.03,30,114,0.99368,3.22,0.54,11,"Good"
"78","R",7.6,0.42,0.25,3.9,0.104,28,90,0.99784,3.15,0.57,9.1,"Good"
"79","R",9.3,0.4,0.49,2.5,0.085,38,142,0.9978,3.22,0.55,9.4,"Bad"
"80","R",6.5,0.46,0.14,2.4,0.114,9,37,0.99732,3.66,0.65,9.8,"Good"
"81","R",11.1,0.42,0.47,2.65,0.085,9,34,0.99736,3.24,0.77,12.1,"Good"
"82","W",6.9,0.13,0.28,13.3,0.05,47,132,0.99655,3.34,0.42,10.1,"Good"
"83","R",7.2,0.635,0.07,2.6,0.077,16,86,0.99748,3.51,0.54,9.7,"Bad"
"84","W",7.8,0.42,0.26,9.2,0.058,34,199,0.9972,3.14,0.55,9.3,"Bad"
"85","R",7.2,0.41,0.3,2.1,0.083,35,72,0.997,3.44,0.52,9.4,"Bad"
"86","R",7,0.58,0.28,4.8,0.085,12,69,0.99633,3.32,0.7,11,"Good"
"87","W",7.5,0.33,0.39,12.4,0.065,29,119,0.9974,3.16,0.39,9.4,"Bad"
"88","W",6.7,0.11,0.26,14.8,0.053,44,95,0.99676,3.2,0.35,9.8,"Bad"
"89","R",8.8,0.37,0.48,2.1,0.097,39,145,0.9975,3.04,1.03,9.3,"Bad"
"90","W",7.6,0.18,0.46,10.2,0.055,58,135,0.9968,3.14,0.43,9.9,"Good"
"91","W",7.4,0.56,0.09,1.5,0.071,19,117,0.99496,3.22,0.53,9.8,"Bad"
"92","W",5.1,0.26,0.33,1.1,0.027,46,113,0.98946,3.35,0.43,11.4,"Good"
"93","W",6.2,0.36,0.45,10.4,0.06,22,184,0.99711,3.31,0.56,9.8,"Bad"
"94","R",9,0.4,0.43,2.4,0.068,29,46,0.9943,3.2,0.6,12.2,"Good"
"95","W",6.1,0.36,0.33,1.1,0.05,24,169,0.9927,3.15,0.78,9.5,"Good"
"96","W",8.8,0.39,0.35,1.8,0.096,22,80,0.99016,2.95,0.54,12.6,"Good"
"97","W",6.6,0.35,0.26,2.7,0.045,19,129,0.98952,3.24,0.48,13,"Bad"
"98","W",7.2,0.23,0.33,12.7,0.049,50,183,0.9987,3.41,0.4,9.8,"Good"
"99","R",12.2,0.45,0.49,1.4,0.075,3,6,0.9969,3.13,0.63,10.4,"Bad"
"100","W",7.3,0.16,0.35,1.5,0.036,29,108,0.99342,3.27,0.51,10.2,"Bad"
"101","W",6,0.28,0.35,1.9,0.037,16,120,0.9933,3.16,0.69,10.6,"Bad"
"102","R",4.9,0.42,0,2.1,0.048,16,42,0.99154,3.71,0.74,14,"Good"
"103","W",6.8,0.32,0.18,7.5,0.041,71,223,0.9959,3.14,0.41,8.9,"Bad"
"104","W",8.3,0.27,0.39,2.4,0.058,16,107,0.9955,3.28,0.59,10.3,"Bad"
"105","R",9.9,0.35,0.38,1.5,0.058,31,47,0.99676,3.26,0.82,10.6,"Good"
"106","W",5.6,0.34,0.1,1.3,0.031,20,68,0.9906,3.36,0.51,11.2,"Good"
"107","W",7.3,0.17,0.24,8.1,0.121,32,162,0.99508,3.17,0.38,10.4,"Good"
"108","W",6.1,0.16,0.24,1.4,0.046,17,77,0.99319,3.66,0.57,10.3,"Good"
"109","W",7.9,0.33,0.28,31.6,0.053,35,176,1.0103,3.15,0.38,8.8,"Good"
"110","W",6.8,0.26,0.44,8.2,0.046,52,183,0.99584,3.2,0.51,9.4,"Bad"
"111","W",6.8,0.4,0.29,2.8,0.044,27,97,0.9904,3.12,0.42,11.2,"Bad"
"112","W",6.6,0.23,0.32,0.9,0.041,25,79,0.9926,3.39,0.54,10.2,"Good"
"113","W",7.3,0.25,0.36,2.1,0.034,30,177,0.99085,3.25,0.4,11.9,"Good"
"114","W",6.2,0.22,0.27,1.5,0.064,20,132,0.9938,3.22,0.46,9.2,"Good"
"115","R",7.4,0.52,0.13,2.4,0.078,34,61,0.99528,3.43,0.59,10.8,"Good"
"116","R",6.9,0.4,0.14,2.4,0.085,21,40,0.9968,3.43,0.63,9.7,"Bad"
"117","W",6.2,0.21,0.26,13.1,0.05,59,150,0.99772,3.31,0.46,9,"Bad"
"118","W",7.9,0.16,0.3,7.4,0.05,58,152,0.99612,3.12,0.37,9.5,"Good"
"119","W",6.7,0.24,0.29,14.9,0.053,55,136,0.99839,3.03,0.52,9,"Good"
"120","W",6.3,0.25,0.22,3.3,0.048,41,161,0.99256,3.16,0.5,10.5,"Bad"
"121","W",7,0.2,0.35,8.8,0.037,31,103,0.99388,3.13,0.49,11,"Good"
"122","W",6.8,0.23,0.29,12.2,0.035,38,236,0.9976,3.35,0.52,9.8,"Good"
"123","W",7.9,0.28,0.32,3.6,0.038,9,76,0.992,3.05,0.31,11.7,"Good"
"124","R",11.7,0.45,0.63,2.2,0.073,7,23,0.99974,3.21,0.69,10.9,"Bad"
"125","W",7.8,0.43,0.49,13,0.033,37,158,0.9955,3.14,0.35,11.3,"Good"
"126","R",7.5,0.27,0.34,2.3,0.05,4,8,0.9951,3.4,0.64,11,"Good"
"127","R",8,0.6,0.22,2.1,0.08,25,105,0.99613,3.3,0.49,9.9,"Bad"
"128","R",6.9,0.84,0.21,4.1,0.074,16,65,0.99842,3.53,0.72,9.233333333,"Good"
"129","W",7.1,0.28,0.35,3.5,0.028,35,91,0.99022,2.96,0.33,12.1,"Good"
"130","R",7.1,0.36,0.3,1.6,0.08,35,70,0.99693,3.44,0.5,9.4,"Good"
"131","R",7.2,0.41,0.3,2.1,0.083,35,72,0.997,3.44,0.52,9.4,"Bad"
"132","W",8,0.33,0.32,4.6,0.041,31,180,0.99184,2.92,0.74,12.2,"Bad"
"133","W",6.3,0.22,0.57,1.4,0.208,14,96,0.9932,3.16,0.43,10,"Good"
"134","W",7.1,0.37,0.3,6.2,0.04,49,139,0.99021,3.17,0.27,13.6,"Good"
"135","W",7.5,0.26,0.52,13.2,0.047,64,179,0.9982,3.1,0.46,9,"Bad"
"136","R",7.3,0.45,0.36,5.9,0.074,12,87,0.9978,3.33,0.83,10.5,"Bad"
"137","W",8,0.36,0.39,1.6,0.024,26,93,0.99116,3.15,0.49,11.9,"Bad"
"138","R",10,0.58,0.22,1.9,0.08,9,32,0.9974,3.13,0.55,9.5,"Bad"
"139","W",6,0.26,0.34,1.3,0.046,6,29,0.9924,3.29,0.63,10.4,"Bad"
"140","W",7.7,0.32,0.62,10.6,0.036,56,153,0.9978,3.13,0.44,8.9,"Good"
"141","R",9.7,0.295,0.4,1.5,0.073,14,21,0.99556,3.14,0.51,10.9,"Good"
"142","R",6.4,0.47,0.4,2.4,0.071,8,19,0.9963,3.56,0.73,10.6,"Good"
"143","R",7.9,0.43,0.21,1.6,0.106,10,37,0.9966,3.17,0.91,9.5,"Bad"
"144","W",6.2,0.255,0.24,1.7,0.039,138.5,272,0.99452,3.53,0.53,9.6,"Bad"
"145","W",6.8,0.11,0.27,8.6,0.044,45,104,0.99454,3.2,0.37,9.9,"Bad"
"146","W",6,0.27,0.4,1.7,0.021,18,82,0.9891,3.24,0.95,13.13333333,"Good"
"147","R",9.3,0.48,0.29,2.1,0.127,6,16,0.9968,3.22,0.72,11.2,"Bad"
"148","W",5.6,0.26,0.27,10.6,0.03,27,119,0.9947,3.4,0.34,10.7,"Good"
"149","W",7.6,0.56,0.12,10.4,0.096,22,177,0.9983,3.32,0.45,9.1,"Bad"
"150","W",6.8,0.32,0.37,3.4,0.023,19,87,0.9902,3.14,0.53,12.7,"Bad"
"151","W",6.8,0.27,0.24,4.6,0.098,36,127,0.99412,3.15,0.49,9.6,"Bad"
"152","R",9.5,0.37,0.52,2,0.082,6,26,0.998,3.18,0.51,9.5,"Bad"
"153","W",8,0.19,0.3,2,0.053,48,140,0.994,3.18,0.49,9.6,"Bad"
"154","W",7.6,0.48,0.33,7,0.024,14,130,0.9918,3.25,0.45,12.5,"Good"
"155","W",7.5,0.34,0.35,6,0.034,12,126,0.9924,3.16,0.39,12,"Good"
"156","R",11.9,0.58,0.58,1.9,0.071,5,18,0.998,3.09,0.63,10,"Good"
"157","W",5.8,0.29,0.21,2.6,0.025,12,120,0.9894,3.39,0.79,14,"Good"
"158","W",6.6,0.28,0.42,8.2,0.044,60,196,0.99562,3.14,0.48,9.4,"Good"
"159","W",5.9,0.17,0.28,0.7,0.027,5,28,0.98985,3.13,0.32,10.6,"Bad"
"160","W",7.6,0.23,0.34,1.6,0.043,24,129,0.99305,3.12,0.7,10.4,"Good"
"161","R",9.9,0.32,0.56,2,0.073,3,8,0.99534,3.15,0.73,11.4,"Bad"
"162","R",9.6,0.38,0.42,1.9,0.071,5,13,0.99659,3.15,0.75,10.5,"Good"
"163","W",6.1,0.34,0.31,12,0.053,46,238,0.9977,3.16,0.48,8.6,"Bad"
"164","W",6.8,0.24,0.34,4.6,0.032,37,135,0.9927,3.2,0.39,10.6,"Good"
"165","W",5.6,0.12,0.33,2.9,0.044,21,73,0.98896,3.17,0.32,12.9,"Good"
"166","W",5.3,0.3,0.2,1.1,0.077,48,166,0.9944,3.3,0.54,8.7,"Bad"
"167","W",6.7,0.5,0.36,11.5,0.096,18,92,0.99642,3.11,0.49,9.6,"Bad"
"168","R",10.5,0.43,0.35,3.3,0.092,24,70,0.99798,3.21,0.69,10.5,"Bad"
"169","R",9.4,0.615,0.28,3.2,0.087,18,72,1.0001,3.31,0.53,9.7,"Bad"
"170","W",7,0.15,0.28,14.7,0.051,29,149,0.99792,2.96,0.39,9,"Good"
"171","W",7.1,0.38,0.29,13.6,0.041,30,137,0.99461,3.02,0.96,12.1,"Good"
"172","W",7.8,0.27,0.58,11.2,0.036,44,161,0.9977,3.06,0.41,8.9,"Bad"
"173","W",6.7,0.34,0.26,1.9,0.038,58,138,0.9893,3,0.47,12.2,"Good"
"174","W",6.4,0.24,0.49,5.8,0.053,25,120,0.9942,3.01,0.98,10.5,"Good"
"175","R",7.8,0.39,0.42,2,0.086,9,21,0.99526,3.39,0.66,11.6,"Bad"
"176","R",10.9,0.53,0.49,4.6,0.118,10,17,1.0002,3.07,0.56,11.7,"Bad"
"177","W",7.9,0.17,0.32,1.6,0.053,47,150,0.9948,3.29,0.76,9.6,"Good"
"178","W",8,0.37,0.32,1.6,0.04,32,166,0.992,3,0.55,11.3,"Good"
"179","W",6.4,0.3,0.38,7.8,0.046,35,192,0.9955,3.1,0.37,9,"Bad"
"180","W",9.8,0.36,0.46,10.5,0.038,4,83,0.9956,2.89,0.3,10.1,"Bad"
"181","W",6.2,0.39,0.24,4.8,0.037,45,138,0.99174,3.23,0.43,11.2,"Bad"
"182","W",6.4,0.28,0.43,7.1,0.045,60,221,0.9952,3.09,0.45,9.4,"Good"
"183","R",9.4,0.24,0.33,2.3,0.061,52,73,0.99786,3.47,0.9,10.2,"Bad"
"184","W",6.6,0.16,0.35,1.8,0.042,26,105,0.98962,3.19,0.75,12.4,"Good"
"185","W",6.6,0.25,0.36,8.1,0.045,54,180,0.9958,3.08,0.42,9.2,"Bad"
"186","W",6,0.41,0.21,1.9,0.05,29,122,0.9928,3.42,0.52,10.5,"Good"
"187","W",6.9,0.44,0.18,11.8,0.051,26,126,0.9975,3.23,0.48,9.1,"Bad"
"188","W",7.1,0.12,0.3,3.1,0.018,15,37,0.99004,3.02,0.52,11.9,"Good"
"189","R",9.8,0.66,0.39,3.2,0.083,21,59,0.9989,3.37,0.71,11.5,"Good"
"190","R",10.7,0.35,0.53,2.6,0.07,5,16,0.9972,3.15,0.65,11,"Good"
"191","R",8.8,0.24,0.54,2.5,0.083,25,57,0.9983,3.39,0.54,9.2,"Good"
"192","R",10.2,0.67,0.39,1.9,0.054,6,17,0.9976,3.17,0.47,10,"Good"
"193","W",9.4,0.23,0.56,16.45,0.063,52.5,282,1.00098,3.1,0.51,9.3,"Bad"
"194","W",6.4,0.33,0.3,7.2,0.041,42,168,0.99331,3.22,0.49,11.1,"Bad"
"195","R",7.9,0.69,0.21,2.1,0.08,33,141,0.9962,3.25,0.51,9.9,"Bad"
"196","R",8.2,0.43,0.29,1.6,0.081,27,45,0.99603,3.25,0.54,10.3,"Bad"
"197","W",7.1,0.21,0.27,8.6,0.056,26,111,0.9956,2.95,0.52,9.5,"Bad"
"198","R",6.8,0.41,0.31,8.8,0.084,26,45,0.99824,3.38,0.64,10.1,"Good"
"199","W",7.4,0.25,0.49,1.1,0.042,35,156,0.9917,3.13,0.55,11.3,"Bad"
"200","R",10,0.41,0.45,6.2,0.071,6,14,0.99702,3.21,0.49,11.8,"Good"
"201","W",6.7,0.18,0.3,6.4,0.048,40,251,0.9956,3.29,0.52,10,"Bad"
"202","W",5.1,0.26,0.34,6.4,0.034,26,99,0.99449,3.23,0.41,9.2,"Good"
"203","W",6.3,0.23,0.5,10.4,0.043,61,132,0.99542,2.86,0.46,9.1,"Good"
"204","W",6.9,0.35,0.74,1,0.044,18,132,0.992,3.13,0.55,10.2,"Bad"
"205","R",8.8,0.41,0.64,2.2,0.093,9,42,0.9986,3.54,0.66,10.5,"Bad"
"206","W",6.7,0.24,0.32,9,0.023,20,109,0.99262,3.34,0.35,12.6,"Bad"
"207","R",11.3,0.36,0.66,2.4,0.123,3,8,0.99642,3.2,0.53,11.9,"Bad"
"208","R",6.8,0.81,0.05,2,0.07,6,14,0.99562,3.51,0.66,10.8,"Good"
"209","R",8.6,0.33,0.4,2.6,0.083,16,68,0.99782,3.3,0.48,9.4,"Bad"
"210","R",9.2,0.56,0.18,1.6,0.078,10,21,0.99576,3.15,0.49,9.9,"Good"
"211","W",7,0.4,0.25,1.8,0.05,51,189,0.99174,3,0.55,11.4,"Bad"
"212","W",6.6,0.56,0.15,10,0.037,38,157,0.99642,3.28,0.52,9.4,"Bad"
"213","W",7.9,0.51,0.34,2.6,0.049,13,135,0.99335,3.09,0.51,10,"Bad"
"214","W",6.9,0.24,0.33,4.8,0.04,16,131,0.9936,3.26,0.64,10.7,"Good"
"215","W",7.4,0.27,0.26,11.8,0.053,55,173,0.99699,3.11,0.6,9.8,"Bad"
"216","W",6.2,0.22,0.28,2.2,0.04,24,125,0.9917,3.19,0.48,10.5,"Bad"
"217","W",4.6,0.445,0,1.4,0.053,11,178,0.99426,3.79,0.55,10.2,"Bad"
"218","W",7.3,0.29,0.3,13,0.043,46,238,0.9986,3.06,0.41,8.7,"Bad"
"219","W",6.9,0.12,0.36,2.2,0.037,18,111,0.9919,3.41,0.82,11.9,"Good"
"220","W",5.9,0.35,0.47,2.2,0.11,14,138,0.9932,3.09,0.5,9.1,"Bad"
"221","W",5.3,0.36,0.27,6.3,0.028,40,132,0.99186,3.37,0.4,11.6,"Good"
"222","R",6.7,0.54,0.13,2,0.076,15,36,0.9973,3.61,0.64,9.8,"Good"
"223","W",6.6,0.21,0.29,5.35,0.029,43,106,0.99112,2.93,0.43,11.5,"Good"
"224","W",6.1,0.25,0.18,10.5,0.049,41,124,0.9963,3.14,0.35,10.5,"Bad"
"225","R",7.4,0.74,0.07,1.7,0.086,15,48,0.99502,3.12,0.48,10,"Bad"
"226","W",7.6,0.27,0.52,3.2,0.043,28,152,0.99129,3.02,0.53,11.4,"Good"
"227","W",5.8,0.15,0.31,5.9,0.036,7,73,0.99152,3.2,0.43,11.9,"Good"
"228","W",7.1,0.33,0.3,3.3,0.034,30,102,0.9912,3.08,0.31,12.3,"Good"
"229","W",7.6,0.31,0.27,8.8,0.021,57,156,0.99442,3.08,0.38,11,"Good"
"230","R",6.1,0.56,0,2.2,0.079,6,9,0.9948,3.59,0.54,11.5,"Bad"
"231","W",6.8,0.21,0.36,18.1,0.046,32,133,1,3.27,0.48,8.8,"Good"
"232","W",6.7,0.22,0.39,1.2,0.049,26,152,0.99346,3.5,0.47,10,"Bad"
"233","W",6.2,0.255,0.24,1.7,0.039,138.5,272,0.99452,3.53,0.53,9.6,"Bad"
"234","W",6.4,0.24,0.32,0.95,0.041,23,131,0.99033,3.25,0.35,11.8,"Bad"
"235","R",8.2,0.39,0.38,1.5,0.058,10,29,0.9962,3.26,0.74,9.8,"Bad"
"236","W",6.4,0.28,0.36,1.3,0.053,28,186,0.99211,3.31,0.45,10.8,"Bad"
"237","W",6.4,0.15,0.31,1.1,0.044,25,96,0.9932,3.54,0.51,10.3,"Bad"
"238","R",9.7,0.69,0.32,2.5,0.088,22,91,0.9979,3.29,0.62,10.1,"Bad"
"239","R",10,0.35,0.45,2.5,0.092,20,88,0.99918,3.15,0.43,9.4,"Good"
"240","W",6.8,0.27,0.28,7.8,0.038,26,89,0.9915,3.24,0.34,12.5,"Good"
"241","W",6.9,0.17,0.25,1.6,0.047,34,132,0.9914,3.16,0.48,11.4,"Bad"
"242","W",7.6,0.48,0.28,10.4,0.049,57,205,0.99748,3.24,0.45,9.3,"Bad"
"243","W",7.2,0.23,0.25,18.8,0.085,19,111,1.00044,3.1,0.51,8.7,"Bad"
"244","W",6.2,0.255,0.27,1.3,0.037,30,86,0.98834,3.05,0.59,12.9,"Good"
"245","W",6.7,0.19,0.41,15.6,0.056,75,155,0.9995,3.2,0.44,8.8,"Good"
"246","W",8.9,0.26,0.33,8.1,0.024,47,202,0.99558,3.13,0.46,10.8,"Good"
"247","R",8.9,0.24,0.39,1.6,0.074,3,10,0.99698,3.12,0.59,9.5,"Bad"
"248","W",7.9,0.29,0.31,7.35,0.034,37,154,0.9938,3.06,0.31,10.8,"Bad"
"249","W",7.2,0.23,0.46,6.4,0.036,17,85,0.99279,3.1,0.78,11.7,"Good"
"250","W",6.4,0.35,0.35,5.6,0.034,9,148,0.99441,3.17,0.5,9.8,"Bad"
"251","W",7.15,0.17,0.24,9.6,0.119,56,178,0.99578,3.15,0.44,10.2,"Good"
"252","W",9.2,0.23,0.3,1.1,0.031,40,99,0.9929,2.94,0.3,10.4,"Good"
"253","W",6.5,0.22,0.19,4.5,0.096,16,115,0.9937,3.02,0.44,9.6,"Good"
"254","R",9.1,0.4,0.57,4.6,0.08,6,20,0.99652,3.28,0.57,12.5,"Bad"
"255","R",7.9,0.765,0,2,0.084,9,22,0.99619,3.33,0.68,10.9,"Good"
"256","W",6.9,0.13,0.28,13.3,0.05,47,132,0.99655,3.34,0.42,10.1,"Good"
"257","W",6.3,0.34,0.28,14.7,0.047,49,198,0.9977,3.23,0.46,9.5,"Good"
"258","W",8.4,0.19,0.42,1.6,0.047,9,101,0.994,3.06,0.65,11.1,"Bad"
"259","W",7.3,0.815,0.09,11.4,0.044,45,204,0.99713,3.15,0.46,9,"Good"
"260","W",9.5,0.21,0.47,1.3,0.039,21,123,0.9959,2.9,0.64,9.5,"Bad"
"261","W",6.2,0.3,0.17,2.8,0.04,24,125,0.9939,3.01,0.46,9,"Bad"
"262","W",7.6,0.32,0.34,18.35,0.054,44,197,1.0008,3.22,0.55,9,"Bad"
"263","W",7.1,0.36,0.37,4.8,0.019,39,114,0.99036,3.08,0.49,12.7,"Good"
"264","W",6,0.28,0.52,6.2,0.028,37,104,0.99161,3.28,0.51,11.8,"Good"
"265","W",7.3,0.26,0.3,9.3,0.05,35,154,0.99581,3.21,0.5,10.4,"Bad"
"266","W",6.3,0.3,0.24,6.6,0.04,38,141,0.995,3.22,0.47,9.5,"Bad"
"267","W",6.6,0.29,0.44,9,0.053,62,178,0.99685,3.02,0.45,8.9,"Bad"
"268","W",7.1,0.85,0.49,8.7,0.028,40,184,0.9962,3.22,0.36,10.7,"Bad"
"269","W",6.5,0.18,0.34,1.6,0.04,43,148,0.9912,3.32,0.59,11.5,"Bad"
"270","R",9.3,0.38,0.48,3.8,0.132,3,11,0.99577,3.23,0.57,13.2,"Good"
"271","W",7.2,0.25,0.28,14.4,0.055,55,205,0.9986,3.12,0.38,9,"Good"
"272","W",6.4,0.26,0.26,1.1,0.052,22,176,0.99304,3.09,0.54,9.3,"Bad"
"273","W",6.6,0.25,0.32,5.6,0.039,15,68,0.99163,2.96,0.52,11.1,"Good"
"274","W",7.1,0.44,0.23,5.8,0.035,24,100,0.99062,3.15,0.57,13.2,"Good"
"275","W",6.9,0.34,0.74,11.2,0.069,44,150,0.9968,3,0.81,9.2,"Bad"
"276","W",6,0.24,0.33,2.5,0.026,31,85,0.99014,3.13,0.5,11.3,"Good"
"277","W",7,0.25,0.45,2.3,0.045,40,118,0.99064,3.16,0.48,11.9,"Good"
"278","R",9.1,0.3,0.41,2,0.068,10,24,0.99523,3.27,0.85,11.7,"Good"
"279","R",10.3,0.43,0.44,2.4,0.214,5,12,0.9994,3.19,0.63,9.5,"Good"
"280","W",6.2,0.24,0.27,16.8,0.04,48,129,0.99691,3.23,0.38,10.5,"Good"
"281","W",8.3,0.28,0.27,17.5,0.045,48,253,1.00014,3.02,0.56,9.1,"Good"
"282","R",7.1,0.72,0,1.8,0.123,6,14,0.99627,3.45,0.58,9.8,"Bad"
"283","W",7.9,0.2,0.49,1.6,0.053,15,144,0.993,3.16,0.47,10.5,"Bad"
"284","W",6.2,0.255,0.24,1.7,0.039,138.5,272,0.99452,3.53,0.53,9.6,"Bad"
"285","R",9.7,0.295,0.4,1.5,0.073,14,21,0.99556,3.14,0.51,10.9,"Good"
"286","R",8.1,1.33,0,1.8,0.082,3,12,0.9964,3.54,0.48,10.9,"Bad"
"287","W",7.4,0.25,0.29,6.8,0.02,31,113,0.99338,3.13,0.29,10.8,"Bad"
"288","W",7.5,0.29,0.67,8.1,0.037,53,166,0.9966,2.9,0.41,8.9,"Bad"
"289","W",7.1,0.47,0.29,14.8,0.024,22,142,0.99518,3.12,0.48,12,"Good"
"290","W",8.4,0.28,0.4,8.9,0.048,33,146,0.9988,3.4,0.46,9.3,"Bad"
"291","W",7,0.15,0.34,1.4,0.039,21,177,0.9927,3.32,0.62,10.8,"Bad"
"292","W",5.8,0.33,0.2,16.05,0.047,26,166,0.9976,3.09,0.46,8.9,"Bad"
"293","W",6.2,0.33,0.29,1.3,0.042,26,138,0.9956,3.77,0.64,9.5,"Good"
"294","R",11.5,0.41,0.52,3,0.08,29,55,1.0001,3.26,0.88,11,"Bad"
"295","W",7.6,0.51,0.24,1.2,0.04,10,104,0.992,3.05,0.29,10.8,"Good"
"296","W",6.9,0.3,0.3,1.3,0.053,24,186,0.99361,3.29,0.54,9.9,"Bad"
"297","W",5.8,0.26,0.18,1.2,0.031,40,114,0.9908,3.42,0.4,11,"Good"
"298","R",7.8,0.55,0,1.7,0.07,7,17,0.99659,3.26,0.64,9.4,"Bad"
"299","W",6,0.26,0.29,1,0.032,27,96,0.9896,3.38,0.44,12.3,"Good"
"300","W",6.3,0.2,0.4,1.5,0.037,35,107,0.9917,3.46,0.5,11.4,"Good"
"301","R",6.3,0.3,0.48,1.8,0.069,18,61,0.9959,3.44,0.78,10.3,"Bad"
"302","W",7.1,0.21,0.33,1.2,0.039,34,97,0.99112,3.11,0.75,11.2,"Good"
"303","W",7.2,0.29,0.18,8.2,0.042,41,180,0.99644,3.16,0.49,9.1,"Bad"
"304","W",6.6,0.27,0.32,1.3,0.044,18,93,0.99044,3.11,0.56,12.25,"Good"
"305","W",6.8,0.52,0.32,13.2,0.044,54,221,0.9972,3.27,0.5,9.6,"Bad"
"306","W",5.1,0.14,0.25,0.7,0.039,15,89,0.9919,3.22,0.43,9.2,"Good"
"307","W",6.9,0.34,0.74,11.2,0.069,44,150,0.9968,3,0.81,9.2,"Bad"
"308","W",6.9,0.32,0.26,2.3,0.03,11,103,0.99106,3.06,0.42,11.1,"Good"
"309","W",7.2,0.2,0.61,16.2,0.043,14,103,0.9987,3.06,0.36,9.2,"Good"
"310","R",8.9,0.48,0.53,4,0.101,3,10,0.99586,3.21,0.59,12.1,"Good"
"311","W",6.5,0.36,0.16,1.3,0.054,11,107,0.99398,3.19,0.39,8.5,"Bad"
"312","R",6.2,0.58,0,1.6,0.065,8,18,0.9966,3.56,0.84,9.4,"Bad"
"313","W",7.1,0.2,0.27,9.6,0.037,19,105,0.99444,3.04,0.37,10.5,"Good"
"314","W",6.2,0.18,0.49,4.5,0.047,17,90,0.9919,3.27,0.37,11.6,"Good"
"315","W",7.6,0.27,0.42,2.6,0.044,29,110,0.9912,3.31,0.51,12.7,"Bad"
"316","W",7.4,0.44,0.2,11.5,0.049,44,157,0.998,3.27,0.44,9,"Good"
"317","W",7,0.57,0.1,8.3,0.094,23,188,0.9972,3.4,0.47,9.2,"Bad"
"318","W",6.3,0.24,0.29,1.6,0.052,48,185,0.9934,3.21,0.5,9.4,"Bad"
"319","W",6.8,0.4,0.29,2.8,0.044,27,97,0.9904,3.12,0.42,11.2,"Bad"
"320","W",6.6,0.16,0.3,1.6,0.034,15,78,0.992,3.38,0.44,11.2,"Bad"
"321","R",6,0.42,0.19,2,0.075,22,47,0.99522,3.39,0.78,10,"Bad"
"322","W",7.8,0.32,0.31,1.7,0.036,46,195,0.993,3.03,0.48,10.5,"Bad"
"323","W",5,0.27,0.4,1.2,0.076,42,124,0.99204,3.32,0.47,10.1,"Bad"
"324","W",7.6,0.48,0.28,10.4,0.049,57,205,0.99748,3.24,0.45,9.3,"Good"
"325","W",7.8,0.18,0.31,12.2,0.053,46,140,0.998,3.06,0.53,8.9,"Good"
"326","W",6.9,0.25,0.29,2.4,0.038,28,76,0.99088,3.01,0.36,11.7,"Good"
"327","R",6.8,0.63,0.12,3.8,0.099,16,126,0.9969,3.28,0.61,9.5,"Bad"
"328","W",6.7,0.29,0.45,14.3,0.054,30,181,0.99869,3.14,0.57,9.1,"Bad"
"329","W",9.2,0.25,0.34,1.2,0.026,31,93,0.9916,2.93,0.37,11.3,"Good"
"330","W",6.1,0.36,0.58,15,0.044,42,115,0.9978,3.15,0.51,9,"Bad"
"331","W",8,0.24,0.48,6.8,0.047,13,134,0.99616,3.23,0.7,10,"Bad"
"332","W",6.6,0.2,0.14,4.4,0.184,35,168,0.99396,2.93,0.45,9.4,"Bad"
"333","R",7.1,0.75,0.01,2.2,0.059,11,18,0.99242,3.39,0.4,12.8,"Good"
"334","W",8,0.34,0.25,6.4,0.035,38,103,0.99148,2.91,0.23,12.2,"Good"
"335","W",6.3,0.28,0.3,3.1,0.039,24,115,0.9942,3.05,0.43,8.6,"Bad"
"336","W",6.8,0.23,0.42,7.4,0.044,56,189,0.9958,3.22,0.48,9.3,"Good"
"337","W",6.9,0.19,0.33,1.6,0.043,63,149,0.9925,3.44,0.52,10.8,"Bad"
"338","W",6.6,0.15,0.34,1,0.037,45,79,0.98949,2.96,0.5,11.7,"Good"
"339","W",8.1,0.33,0.22,5.2,0.047,24,151,0.99527,3.22,0.47,10.3,"Good"
"340","W",6.8,0.2,0.59,0.9,0.147,38,132,0.993,3.05,0.38,9.1,"Good"
"341","W",6.3,0.48,0.48,1.8,0.035,35,96,0.99121,3.49,0.74,12.2,"Good"
"342","W",7.5,0.33,0.36,2.6,0.051,26,126,0.99097,3.32,0.53,12.7,"Good"
"343","W",6.4,0.28,0.28,3,0.04,19,98,0.99216,3.25,0.47,11.1,"Good"
"344","W",5.8,0.27,0.2,7.3,0.04,42,145,0.99442,3.15,0.48,9.8,"Bad"
"345","R",9.5,0.37,0.52,2,0.088,12,51,0.99613,3.29,0.58,11.1,"Bad"
"346","R",8.6,0.725,0.24,6.6,0.117,31,134,1.0014,3.32,1.07,9.3,"Bad"
"347","W",6.2,0.36,0.14,8.9,0.036,38,155,0.99622,3.27,0.5,9.4,"Bad"
"348","R",10.9,0.39,0.47,1.8,0.118,6,14,0.9982,3.3,0.75,9.8,"Good"
"349","W",7.5,0.33,0.39,12.4,0.065,29,119,0.9974,3.16,0.39,9.4,"Bad"
"350","W",7.4,0.19,0.31,14.5,0.045,39,193,0.9986,3.1,0.5,9.2,"Good"
"351","W",6.8,0.27,0.3,13,0.047,69,160,0.99705,3.16,0.5,9.6,"Bad"
"352","W",7.8,0.27,0.58,11.2,0.036,44,161,0.9977,3.06,0.41,8.9,"Good"
"353","W",6.5,0.18,0.33,8,0.051,16,131,0.9965,3.28,0.44,8.7,"Good"
"354","W",5.9,0.3,0.47,7.85,0.03,19,133,0.9933,3.52,0.43,11.5,"Good"
"355","W",6.5,0.18,0.26,1.4,0.041,40,141,0.9941,3.34,0.72,9.5,"Good"
"356","R",7.1,0.43,0.42,5.5,0.07,29,129,0.9973,3.42,0.72,10.5,"Bad"
"357","W",6.7,0.35,0.48,8.8,0.056,35,167,0.99628,3.04,0.47,9.4,"Good"
"358","W",6.3,0.3,0.24,6.6,0.04,38,141,0.995,3.22,0.47,9.5,"Bad"
"359","W",8.1,0.34,0.28,7.5,0.04,70,230,0.99558,3.14,0.55,9.8,"Bad"
"360","W",6.7,0.17,0.37,2,0.039,34,125,0.9922,3.26,0.6,10.8,"Good"
"361","W",8.2,0.68,0.3,2.1,0.047,17,138,0.995,3.22,0.71,10.8,"Bad"
"362","W",6.2,0.47,0.19,8.3,0.029,24,142,0.992,3.22,0.45,12.3,"Good"
"363","W",6.2,0.15,0.46,1.6,0.039,38,123,0.993,3.38,0.51,9.7,"Bad"
"364","R",15,0.21,0.44,2.2,0.075,10,24,1.00005,3.07,0.84,9.2,"Good"
"365","W",7.3,0.24,0.41,13.6,0.05,41,178,0.9988,3.37,0.43,9.7,"Bad"
"366","W",5.7,0.1,0.27,1.3,0.047,21,100,0.9928,3.27,0.46,9.5,"Bad"
"367","R",13.7,0.415,0.68,2.9,0.085,17,43,1.0014,3.06,0.8,10,"Good"
"368","R",6.6,0.44,0.15,2.1,0.076,22,53,0.9957,3.32,0.62,9.3,"Bad"
"369","W",9.2,0.25,0.34,1.2,0.026,31,93,0.9916,2.93,0.37,11.3,"Good"
"370","W",5.7,0.45,0.42,1.1,0.051,61,197,0.9932,3.02,0.4,9,"Good"
"371","R",9.1,0.76,0.68,1.7,0.414,18,64,0.99652,2.9,1.33,9.1,"Bad"
"372","W",6.9,0.26,0.27,4.2,0.031,20,80,0.99089,3.12,0.39,11.5,"Good"
"373","R",7.7,0.39,0.12,1.7,0.097,19,27,0.99596,3.16,0.49,9.4,"Bad"
"374","R",9.4,0.5,0.34,3.6,0.082,5,14,0.9987,3.29,0.52,10.7,"Good"
"375","W",5.2,0.21,0.31,1.7,0.048,17,61,0.98953,3.24,0.37,12,"Good"
"376","R",9.2,0.67,0.1,3,0.091,12,48,0.99888,3.31,0.54,9.5,"Good"
"377","W",6.7,0.46,0.21,4,0.034,12,88,0.99016,3.26,0.54,13,"Good"
"378","W",6.5,0.19,0.1,1.3,0.046,23,107,0.9937,3.29,0.45,10,"Bad"
"379","W",8,0.24,0.48,6.8,0.047,13,134,0.99616,3.23,0.7,10,"Bad"
"380","R",8.5,0.4,0.4,6.3,0.05,3,10,0.99566,3.28,0.56,12,"Bad"
"381","R",7.3,0.45,0.36,5.9,0.074,12,87,0.9978,3.33,0.83,10.5,"Bad"
"382","W",8,0.42,0.36,5,0.037,34,101,0.992,3.13,0.57,12.3,"Good"
"383","W",8.2,0.2,0.49,3.5,0.057,14,108,0.9928,3.19,0.35,11.5,"Bad"
"384","W",7.3,0.2,0.44,1.4,0.045,21,98,0.9924,3.15,0.46,10,"Bad"
"385","W",7.4,0.22,0.33,2,0.045,31,101,0.9931,3.42,0.55,11.4,"Bad"
"386","W",6.9,0.19,0.35,6.9,0.045,51,125,0.9933,3.1,0.44,10.7,"Good"
"387","W",6.5,0.36,0.28,3.2,0.037,29,119,0.9908,3.25,0.65,12.4,"Good"
"388","W",8.1,0.36,0.59,13.6,0.051,60,134,0.99886,2.96,0.39,8.7,"Bad"
"389","W",7,0.39,0.21,10.7,0.098,13,91,0.99657,3.03,0.47,9.3,"Bad"
"390","W",6.4,0.18,0.35,1,0.045,39,108,0.9911,3.31,0.35,10.9,"Good"
"391","W",6.9,0.615,0.42,12,0.067,24,131,0.99727,3.19,0.34,9.3,"Bad"
"392","W",7,0.26,0.59,1.4,0.037,40,120,0.9918,3.34,0.41,11.1,"Good"
"393","W",6.8,0.18,0.21,5.4,0.053,34,104,0.99445,3.3,0.43,9.4,"Bad"
"394","W",9,0.31,0.48,6.6,0.043,11,73,0.9938,2.9,0.38,11.6,"Bad"
"395","W",6.3,0.29,0.4,6.5,0.039,43,167,0.9953,3.15,0.44,9.3,"Bad"
"396","W",6.1,0.22,0.23,3.1,0.052,15,104,0.9948,3.14,0.42,8.7,"Bad"
"397","R",6.8,0.49,0.22,2.3,0.071,13,24,0.99438,3.41,0.83,11.3,"Good"
"398","W",8.3,0.2,0.49,1.7,0.04,34,169,0.9938,3.05,0.37,10.1,"Good"
"399","W",8.8,0.28,0.45,6,0.022,14,49,0.9934,3.01,0.33,11.1,"Good"
"400","W",5.9,0.34,0.31,2,0.03,38,142,0.98892,3.4,0.41,12.9,"Good"
"401","W",8.2,0.61,0.45,5.4,0.03,15,118,0.9954,3.14,0.34,9.6,"Bad"
"402","W",8,0.34,0.25,6.4,0.035,38,103,0.99148,2.91,0.23,12.2,"Good"
"403","W",6,0.13,0.28,5.7,0.038,56,189.5,0.9948,3.59,0.43,10.6,"Good"
"404","W",8.1,0.27,0.33,1.3,0.045,26,100,0.99066,2.98,0.44,12.4,"Bad"
"405","W",6.5,0.24,0.36,2.2,0.027,36,134,0.9898,3.28,0.36,12.5,"Good"
"406","W",7.1,0.34,0.86,1.4,0.174,36,99,0.99288,2.92,0.5,9.3,"Bad"
"407","W",6.4,0.475,0.06,1,0.03,9,131,0.9904,2.97,0.29,10.8,"Bad"
"408","W",6.1,0.38,0.14,3.9,0.06,27,113,0.99344,3.07,0.34,9.2,"Bad"
"409","W",5.4,0.45,0.27,6.4,0.033,20,102,0.98944,3.22,0.27,13.4,"Good"
"410","W",6.6,0.26,0.46,6.9,0.047,59,183,0.99594,3.2,0.45,9.3,"Bad"
"411","R",7,0.62,0.1,1.4,0.071,27,63,0.996,3.28,0.61,9.2,"Bad"
"412","R",8.2,0.24,0.34,5.1,0.062,8,22,0.9974,3.22,0.94,10.9,"Good"
"413","R",7.5,0.77,0.2,8.1,0.098,30,92,0.99892,3.2,0.58,9.2,"Bad"
"414","W",6.6,0.34,0.24,3.3,0.034,29,99,0.99031,3.1,0.4,12.3,"Good"
"415","W",6.8,0.29,0.56,11.9,0.043,66,230,0.9972,3.02,0.63,9.3,"Bad"
"416","R",7.2,0.38,0.38,2.8,0.068,23,42,0.99356,3.34,0.72,12.9,"Good"
"417","W",7.1,0.28,0.31,1.5,0.053,20,98,0.99069,3.15,0.5,11.4,"Bad"
"418","R",6.5,0.885,0,2.3,0.166,6,12,0.99551,3.56,0.51,10.8,"Bad"
"419","W",7.6,0.2,0.68,12.9,0.042,56,160,0.99841,3.05,0.41,8.7,"Bad"
"420","W",7.2,0.24,0.24,1.7,0.045,18,161,0.99196,3.25,0.53,11.2,"Bad"
"421","W",7.7,0.44,0.24,11.2,0.031,41,167,0.9948,3.12,0.43,11.3,"Good"
"422","W",7,0.14,0.4,1.7,0.035,16,85,0.9911,3.19,0.42,11.8,"Bad"
"423","W",7.2,0.47,0.16,5.9,0.048,14,125,0.99428,3.09,0.49,9.8,"Bad"
"424","W",6.7,0.21,0.36,8.55,0.02,20,86,0.99146,3.19,0.22,13.4,"Good"
"425","W",7.7,0.44,0.24,11.2,0.031,41,167,0.9948,3.12,0.43,11.3,"Bad"
"426","W",5.8,0.28,0.18,1.2,0.058,7,108,0.99288,3.23,0.58,9.55,"Bad"
"427","W",7.5,0.19,0.49,1.6,0.047,42,140,0.9932,3.4,0.47,10.7,"Bad"
"428","W",7,0.2,0.34,5.7,0.035,32,83,0.9928,3.19,0.46,11.5,"Good"
"429","W",6.9,0.19,0.33,1.6,0.043,63,149,0.9925,3.44,0.52,10.8,"Bad"
"430","W",6.9,0.25,0.27,9.05,0.039,37,128,0.9936,3.27,0.34,11.3,"Good"
"431","W",6.2,0.31,0.21,6.3,0.041,50,218,0.9941,3.15,0.6,10,"Good"
"432","R",7.1,0.67,0,2.3,0.083,18,27,0.99768,3.44,0.54,9.4,"Bad"
"433","W",8.2,0.2,0.36,8.1,0.035,60,163,0.9952,3.05,0.3,10.3,"Bad"
"434","W",6.2,0.23,0.38,1.6,0.044,12,113,0.99176,3.3,0.73,11.4,"Bad"
"435","W",5.8,0.27,0.26,3.5,0.071,26,69,0.98994,3.1,0.38,11.5,"Good"
"436","R",7.6,0.735,0.02,2.5,0.071,10,14,0.99538,3.51,0.71,11.7,"Good"
"437","W",7.7,0.34,0.28,11,0.04,31,117,0.99815,3.27,0.29,9.2,"Bad"
"438","R",8.5,0.32,0.42,2.3,0.075,12,19,0.99434,3.14,0.71,11.8,"Good"
"439","W",6.4,0.28,0.19,5.4,0.042,67,181,0.99435,3.31,0.35,10.2,"Good"
"440","W",6.1,0.25,0.48,15.8,0.052,25,94,0.99782,3.07,0.45,9.2,"Bad"
"441","W",5.3,0.16,0.39,1,0.028,40,101,0.99156,3.57,0.59,10.6,"Good"
"442","W",6.6,0.325,0.49,7.7,0.049,53,217,0.996,3.16,0.4,9.3,"Good"
"443","R",9.9,0.25,0.46,1.7,0.062,26,42,0.9959,3.18,0.83,10.6,"Bad"
"444","R",6.4,0.885,0,2.3,0.166,6,12,0.99551,3.56,0.51,10.8,"Good"
"445","W",6.3,0.41,0.3,3.2,0.03,49,164,0.9927,3.53,0.79,11.7,"Good"
"446","W",5.1,0.26,0.34,6.4,0.034,26,99,0.99449,3.23,0.41,9.2,"Good"
"447","W",6.1,0.41,0.2,12.6,0.032,54,136,0.99516,2.91,0.43,10.6,"Bad"
"448","W",7,0.36,0.32,10.5,0.045,35,135,0.9935,3.09,0.33,11.6,"Good"
"449","W",7.8,0.29,0.22,9.5,0.056,44,213,0.99715,3.08,0.61,9.3,"Bad"
"450","W",6.7,0.21,0.34,1.5,0.035,45,123,0.98949,3.24,0.36,12.6,"Bad"
"451","W",6.6,0.26,0.27,1.5,0.04,19,114,0.99295,3.36,0.62,10.5,"Bad"
"452","R",8.3,0.56,0.22,2.4,0.082,10,86,0.9983,3.37,0.62,9.5,"Bad"
"453","R",7.6,0.29,0.49,2.7,0.092,25,60,0.9971,3.31,0.61,10.1,"Good"
"454","W",5.7,0.21,0.32,1.6,0.03,33,122,0.99044,3.33,0.52,11.9,"Bad"
"455","W",6.6,0.26,0.38,6.5,0.17,68,201,0.9956,3.19,0.38,9.4,"Bad"
"456","W",6.4,0.27,0.29,10.8,0.028,17,118,0.99356,3.18,0.37,11.2,"Bad"
"457","R",11.9,0.38,0.51,2,0.121,7,20,0.9996,3.24,0.76,10.4,"Good"
"458","R",9,0.58,0.25,2.8,0.075,9,104,0.99779,3.23,0.57,9.7,"Bad"
"459","W",6.5,0.24,0.38,1,0.027,31,90,0.98926,3.24,0.36,12.3,"Good"
"460","W",7.6,0.28,0.39,1.2,0.038,21,115,0.994,3.16,0.67,10,"Good"
"461","W",6.1,0.31,0.26,2.2,0.051,28,167,0.9926,3.37,0.47,10.4,"Good"
"462","W",7,0.25,0.45,2.3,0.045,40,118,0.99064,3.16,0.48,11.9,"Bad"
"463","R",10,0.58,0.22,1.9,0.08,9,32,0.9974,3.13,0.55,9.5,"Bad"
"464","W",6.3,0.27,0.51,7.6,0.049,35,200,0.99548,3.16,0.54,9.4,"Bad"
"465","W",7.1,0.44,0.27,8.4,0.057,60,160,0.99257,3.16,0.36,11.8,"Good"
"466","R",7.6,0.62,0.32,2.2,0.082,7,54,0.9966,3.36,0.52,9.4,"Good"
"467","W",6.2,0.32,0.24,4.1,0.051,34,149,0.99306,3.36,0.52,11,"Bad"
"468","R",11,0.2,0.48,2,0.343,6,18,0.9979,3.3,0.71,10.5,"Bad"
"469","W",5.9,0.655,0,5.6,0.033,8,31,0.9936,3.32,0.51,10.5,"Bad"
"470","W",8.1,0.2,0.49,11.8,0.048,46,212,0.9968,3.09,0.46,10,"Good"
"471","R",6.8,0.67,0.15,1.8,0.118,13,20,0.9954,3.42,0.67,11.3,"Good"
"472","W",6.8,0.25,0.24,4.55,0.053,41,211,0.9955,3.37,0.67,9.5,"Bad"
"473","W",7.5,0.23,0.68,11,0.047,37,133,0.9978,2.99,0.38,8.8,"Good"
"474","W",8.2,0.26,0.44,1.3,0.046,7,69,0.9944,3.14,0.62,10.2,"Bad"
"475","W",6.8,0.32,0.34,6,0.05,5,129,0.9953,3.19,0.4,9.1,"Bad"
"476","R",10,0.35,0.45,2.5,0.092,20,88,0.99918,3.15,0.43,9.4,"Good"
"477","R",6.7,0.28,0.28,2.4,0.012,36,100,0.99064,3.26,0.39,11.7,"Good"
"478","W",7.4,0.29,0.28,10.2,0.032,43,138,0.9951,3.1,0.47,10.6,"Good"
"479","W",5.4,0.22,0.29,1.2,0.045,69,152,0.99178,3.76,0.63,11,"Good"
"480","W",5.9,0.65,0.23,5,0.035,20,128,0.99016,3.46,0.48,12.8,"Bad"
"481","R",10.4,0.24,0.49,1.8,0.075,6,20,0.9977,3.18,1.06,11,"Good"
"482","W",8.4,0.18,0.42,5.1,0.036,7,77,0.9939,3.16,0.52,11.7,"Bad"
"483","R",6.7,0.75,0.01,2.4,0.078,17,32,0.9955,3.55,0.61,12.8,"Bad"
"484","W",7.3,0.25,0.36,2.1,0.034,30,177,0.99085,3.25,0.4,11.9,"Good"
"485","R",15.5,0.645,0.49,4.2,0.095,10,23,1.00315,2.92,0.74,11.1,"Bad"
"486","W",6.7,0.36,0.28,8.3,0.034,29,81,0.99151,2.96,0.39,12.5,"Bad"
"487","R",7.5,0.77,0.2,8.1,0.098,30,92,0.99892,3.2,0.58,9.2,"Bad"
"488","W",6.4,0.38,0.24,7.2,0.047,41,151,0.99604,3.11,0.6,9.2,"Bad"
"489","W",5.9,0.28,0.14,8.6,0.032,30,142,0.99542,3.28,0.44,9.5,"Bad"
"490","R",7,0.685,0,1.9,0.067,40,63,0.9979,3.6,0.81,9.9,"Bad"
"491","W",7,0.55,0.05,8,0.036,19,164,0.99269,3.26,0.46,12.2,"Good"
"492","W",6.7,0.26,0.3,1.8,0.043,25,121,0.9944,3.44,0.61,10.2,"Bad"
"493","W",7.6,0.26,0.36,1.6,0.032,6,106,0.993,3.15,0.4,10.4,"Bad"
"494","R",6.9,0.63,0.01,2.4,0.076,14,39,0.99522,3.34,0.53,10.8,"Bad"
"495","R",8.5,0.585,0.18,2.1,0.078,5,30,0.9967,3.2,0.48,9.8,"Good"
"496","R",7.1,0.43,0.42,5.5,0.071,28,128,0.9973,3.42,0.71,10.5,"Bad"
"497","W",8.5,0.25,0.31,2.8,0.032,11,61,0.99189,3.06,0.44,11.5,"Good"
"498","W",5.5,0.28,0.21,1.6,0.032,23,85,0.99027,3.42,0.42,12.5,"Bad"
"499","W",6.9,0.28,0.41,1.4,0.016,6,55,0.98876,3.16,0.4,13.4,"Bad"
"500","W",8.3,0.28,0.27,17.5,0.045,48,253,1.00014,3.02,0.56,9.1,"Good"
"501","W",6.7,0.21,0.34,1.4,0.049,36,112,0.99091,3.02,0.5,11,"Good"
"502","W",6.2,0.25,0.28,8.5,0.035,28,108,0.99486,3.4,0.42,10.4,"Good"
"503","W",6.8,0.32,0.28,4.8,0.034,25,100,0.99026,3.08,0.47,12.4,"Good"
"504","W",6.8,0.32,0.43,1.6,0.05,4,65,0.99346,3.27,0.47,10.7,"Bad"
"505","W",6.4,0.31,0.31,12.9,0.045,55,161,0.99546,3.02,0.59,10.2,"Bad"
"506","W",7.3,0.17,0.24,8.1,0.121,32,162,0.99508,3.17,0.38,10.4,"Bad"
"507","W",6.9,0.3,0.3,10.55,0.037,4,28,0.99184,3.07,0.32,12.7,"Good"
"508","R",10.3,0.43,0.44,2.4,0.214,5,12,0.9994,3.19,0.63,9.5,"Good"
"509","R",10.4,0.33,0.63,2.8,0.084,5,22,0.9998,3.26,0.74,11.2,"Bad"
"510","R",8.3,0.26,0.37,1.4,0.076,8,23,0.9974,3.26,0.7,9.6,"Bad"
"511","R",7.2,0.53,0.14,2.1,0.064,15,29,0.99323,3.35,0.61,12.1,"Good"
"512","W",6.5,0.22,0.32,2.2,0.028,36,92,0.99076,3.27,0.59,11.9,"Good"
"513","W",7,0.3,0.28,2.2,0.042,21,177,0.99166,3.2,0.57,11.4,"Bad"
"514","W",6.6,0.24,0.38,8,0.042,56,187,0.99577,3.21,0.46,9.2,"Bad"
"515","W",6.6,0.52,0.44,12.2,0.048,54,245,0.9975,3.26,0.54,9.3,"Bad"
"516","W",7,0.24,0.35,1.5,0.052,51,128,0.9941,3.41,0.59,10.4,"Good"
"517","W",6.6,0.62,0.2,8.7,0.046,81,224,0.99605,3.17,0.44,9.3,"Good"
"518","W",6.6,0.27,0.32,1.3,0.044,18,93,0.99044,3.11,0.56,12.25,"Good"
"519","W",6,0.25,0.28,7.7,0.053,37,132,0.99489,3.06,0.5,9.4,"Bad"
"520","W",6.8,0.31,0.19,3.5,0.086,30,130,0.993,2.83,0.44,9.6,"Bad"
"521","W",8.2,0.38,0.49,13.6,0.042,58,166,0.99855,3.1,0.54,9.4,"Bad"
"522","W",6.5,0.28,0.29,2.7,0.038,26,107,0.9912,3.32,0.41,11.6,"Good"
"523","W",6.8,0.27,0.22,17.8,0.034,16,116,0.9989,3.07,0.53,9.2,"Bad"
"524","W",7,0.29,0.26,1.6,0.044,12,87,0.9923,3.08,0.46,10.5,"Bad"
"525","W",5.9,0.65,0.23,5,0.035,20,128,0.99016,3.46,0.48,12.8,"Bad"
"526","W",6.1,0.2,0.34,9.5,0.041,38,201,0.995,3.14,0.44,10.1,"Bad"
"527","W",6.8,0.26,0.46,8.3,0.037,49,173,0.99601,3.17,0.47,9.3,"Bad"
"528","W",7.9,0.41,0.37,4.5,0.03,40,114,0.992,3.17,0.54,12.4,"Good"
"529","W",9,0.17,0.49,1,0.039,46,131,0.993,3.09,0.51,10.5,"Good"
"530","W",5.9,0.19,0.37,0.8,0.027,3,21,0.9897,3.09,0.31,10.8,"Good"
"531","W",8.1,0.2,0.36,9.7,0.044,63,162,0.997,3.1,0.46,10,"Good"
"532","W",6.8,0.41,0.3,8.8,0.045,28,131,0.9953,3.12,0.59,9.9,"Bad"
"533","W",6.2,0.3,0.17,2.8,0.04,24,125,0.9939,3.01,0.46,9,"Bad"
"534","R",5.1,0.47,0.02,1.3,0.034,18,44,0.9921,3.9,0.62,12.8,"Bad"
"535","W",7,0.28,0.39,8.7,0.051,32,141,0.9961,3.38,0.53,10.5,"Bad"
"536","W",6.9,0.32,0.15,8.1,0.046,51,180,0.9958,3.13,0.45,8.9,"Bad"
"537","W",5,0.24,0.19,5,0.043,17,101,0.99438,3.67,0.57,10,"Bad"
"538","R",9.4,0.395,0.46,4.6,0.094,3,10,0.99639,3.27,0.64,12.2,"Good"
"539","R",8,0.715,0.22,2.3,0.075,13,81,0.99688,3.24,0.54,9.5,"Bad"
"540","W",6.3,0.27,0.37,7.9,0.047,58,215,0.99542,3.19,0.48,9.5,"Good"
"541","W",8.2,0.42,0.29,4.1,0.03,31,100,0.9911,3,0.32,12.8,"Good"
"542","W",6.4,0.1,0.35,4.9,0.048,31,103,0.9947,3.43,0.79,9.7,"Bad"
"543","W",8,0.25,0.27,9.7,0.036,15,85,0.99406,2.99,0.36,11.2,"Bad"
"544","W",6.9,0.115,0.35,5.4,0.048,36,108,0.9939,3.32,0.42,10.2,"Good"
"545","W",6.6,0.18,0.28,1.7,0.041,53,161,0.99207,3.13,0.45,10.2,"Good"
"546","W",6.6,0.425,0.25,2.35,0.034,23,87,0.99082,3.05,0.41,11.4,"Good"
"547","W",6.9,0.44,0.42,8.5,0.048,10,147,0.9974,3.32,0.46,9.5,"Bad"
"548","W",7.5,0.26,0.25,1.7,0.038,29,129,0.99312,3.45,0.56,10.4,"Good"
"549","W",7.1,0.44,0.27,8.4,0.057,60,160,0.99257,3.16,0.36,11.8,"Good"
"550","R",7.9,0.18,0.4,2.2,0.049,38,67,0.996,3.33,0.93,11.3,"Bad"
"551","W",6.9,0.75,0.13,6.3,0.036,19,50,0.99312,3.09,0.25,11.1,"Bad"
"552","W",6.5,0.23,0.36,16.3,0.038,43,133,0.99924,3.26,0.41,8.8,"Bad"
"553","W",6.6,0.3,0.3,4.8,0.17,60,166,0.9946,3.18,0.47,9.4,"Bad"
"554","R",8.9,0.32,0.31,2,0.088,12,19,0.9957,3.17,0.55,10.4,"Bad"
"555","W",7,0.14,0.41,0.9,0.037,22,95,0.9914,3.25,0.43,10.9,"Good"
"556","R",6.9,0.45,0.11,2.4,0.043,6,12,0.99354,3.3,0.65,11.4,"Good"
"557","W",8,0.25,0.13,17.2,0.036,49,219,0.9996,2.96,0.46,9.7,"Bad"
"558","W",7.6,0.32,0.58,16.75,0.05,43,163,0.9999,3.15,0.54,9.2,"Bad"
"559","W",7.1,0.32,0.4,1.5,0.034,13,84,0.9944,3.42,0.6,10.4,"Good"
"560","R",9.8,0.98,0.32,2.3,0.078,35,152,0.998,3.25,0.48,9.4,"Bad"
"561","W",4.8,0.225,0.38,1.2,0.074,47,130,0.99132,3.31,0.4,10.3,"Bad"
"562","R",10,0.56,0.24,2.2,0.079,19,58,0.9991,3.18,0.56,10.1,"Good"
"563","W",5.5,0.42,0.09,1.6,0.019,18,68,0.9906,3.33,0.51,11.4,"Good"
"564","W",5.9,0.24,0.26,12.3,0.053,34,134,0.9972,3.34,0.45,9.5,"Good"
"565","W",6,0.19,0.29,1.2,0.046,29,92,0.99033,3.22,0.53,11.3,"Good"
"566","R",6.9,0.54,0.04,3,0.077,7,27,0.9987,3.69,0.91,9.4,"Bad"
"567","W",6.5,0.29,0.31,1.7,0.035,24,79,0.99053,3.27,0.69,11.4,"Good"
"568","W",6.4,0.15,0.29,1.8,0.044,21,115,0.99166,3.1,0.38,10.2,"Good"
"569","R",9.3,0.39,0.44,2.1,0.107,34,125,0.9978,3.14,1.22,9.5,"Bad"
"570","R",6.6,0.735,0.02,7.9,0.122,68,124,0.9994,3.47,0.53,9.9,"Good"
"571","R",8.1,0.545,0.18,1.9,0.08,13,35,0.9972,3.3,0.59,9,"Good"
"572","W",7,0.26,0.46,15.55,0.037,61,171,0.9986,2.94,0.35,8.8,"Bad"
"573","R",8.2,0.635,0.1,2.1,0.073,25,60,0.99638,3.29,0.75,10.9,"Good"
"574","R",9.6,0.33,0.52,2.2,0.074,13,25,0.99509,3.36,0.76,12.4,"Good"
"575","W",6.9,0.24,0.4,15.4,0.052,81,198,0.9986,3.2,0.69,9.4,"Good"
"576","W",7.6,0.29,0.29,4.4,0.051,26,146,0.9939,3.16,0.39,10.2,"Bad"
"577","W",7.3,0.32,0.25,7.2,0.056,47,180,0.9961,3.08,0.47,8.8,"Bad"
"578","W",7.4,0.19,0.31,14.5,0.045,39,193,0.9986,3.1,0.5,9.2,"Good"
"579","W",6.4,0.32,0.5,10.7,0.047,57,206,0.9968,3.08,0.6,9.4,"Bad"
"580","R",7.6,0.52,0.12,3,0.067,12,53,0.9971,3.36,0.57,9.1,"Good"
"581","W",6.3,0.29,0.23,14.2,0.037,24,99,0.99528,3.08,0.38,10.6,"Good"
"582","W",7.3,0.32,0.23,13.7,0.05,49,197,0.9985,3.2,0.46,8.7,"Bad"
"583","R",6.7,0.46,0.24,1.7,0.077,18,34,0.9948,3.39,0.6,10.6,"Good"
"584","W",6.6,0.18,0.28,1.7,0.041,53,161,0.99207,3.13,0.45,10.2,"Good"
"585","W",6.7,0.26,0.49,8.1,0.052,48,197,0.99558,3.19,0.48,9.5,"Good"
"586","W",6.2,0.36,0.45,10.4,0.06,22,184,0.99711,3.31,0.56,9.8,"Bad"
"587","W",8.3,0.33,0.42,1.15,0.033,18,96,0.9911,3.2,0.32,12.4,"Bad"
"588","W",7.5,0.38,0.29,4.9,0.021,38,113,0.99026,3.08,0.48,13,"Good"
"589","W",5,0.33,0.18,4.6,0.032,40,124,0.99114,3.18,0.4,11,"Bad"
"590","W",7.1,0.21,0.35,2.5,0.04,41,186,0.99128,3.32,0.56,12.5,"Good"
"591","W",6.4,0.14,0.28,7.9,0.057,21,82,0.99425,3.26,0.36,10,"Bad"
"592","R",7.3,0.59,0.26,7.2,0.07,35,121,0.9981,3.37,0.49,9.4,"Good"
"593","W",5.8,0.21,0.32,1.6,0.045,38,95,0.98946,3.23,0.94,12.4,"Good"
"594","W",7.3,0.22,0.4,14.75,0.042,44.5,129.5,0.9998,3.36,0.41,9.1,"Good"
"595","W",9,0.29,0.34,12.1,0.03,34,177,0.99706,3.13,0.47,10.6,"Bad"
"596","W",6.5,0.21,0.35,5.7,0.043,47,197,0.99392,3.24,0.5,10.1,"Bad"
"597","W",6.4,0.2,0.32,3.1,0.041,18,126,0.9914,3.43,0.42,12,"Bad"
"598","W",7.7,0.25,0.3,7.8,0.038,67,196,0.99555,3.1,0.5,10.1,"Bad"
"599","W",6.5,0.22,0.19,1.1,0.064,36,191,0.99297,3.05,0.5,9.5,"Good"
"600","W",7.4,0.16,0.3,13.7,0.056,33,168,0.99825,2.9,0.44,8.7,"Good"
"601","W",7.7,0.29,0.48,2.3,0.049,36,178,0.9931,3.17,0.64,10.6,"Good"
"602","R",11.9,0.39,0.69,2.8,0.095,17,35,0.9994,3.1,0.61,10.8,"Bad"
"603","R",6.1,0.32,0.25,2.3,0.071,23,58,0.99633,3.42,0.97,10.6,"Bad"
"604","W",7.4,0.25,0.29,6.8,0.02,31,113,0.99338,3.13,0.29,10.8,"Bad"
"605","W",7.2,0.29,0.2,7.7,0.046,51,174,0.99582,3.16,0.52,9.5,"Bad"
"606","W",8.2,0.18,0.31,11.8,0.039,96,249,0.9976,3.07,0.52,9.5,"Good"
"607","W",6.5,0.25,0.45,7.8,0.048,52,188,0.99576,3.2,0.53,9.1,"Bad"
"608","R",6.6,0.725,0.2,7.8,0.073,29,79,0.9977,3.29,0.54,9.2,"Bad"
"609","W",6,0.31,0.24,3.3,0.041,25,143,0.9914,3.31,0.44,11.3,"Good"
"610","W",6,0.33,0.18,3,0.036,5,85,0.99125,3.28,0.4,11.5,"Bad"
"611","W",7.4,0.33,0.26,15.6,0.049,67,210,0.99907,3.06,0.68,9.5,"Bad"
"612","W",6.9,0.29,0.41,7.8,0.046,52,171,0.99537,3.12,0.51,9.6,"Bad"
"613","W",8.6,0.26,0.41,2.2,0.049,29,111,0.9941,2.96,0.44,10,"Bad"
"614","R",10.9,0.21,0.49,2.8,0.088,11,32,0.9972,3.22,0.68,11.7,"Good"
"615","R",8.3,0.61,0.3,2.1,0.084,11,50,0.9972,3.4,0.61,10.2,"Bad"
"616","W",7.8,0.25,0.34,13.7,0.044,66,184,0.99976,3.22,0.75,8.9,"Good"
"617","W",8.3,0.18,0.3,1.1,0.033,20,57,0.99109,3.02,0.51,11,"Bad"
"618","W",6.3,0.25,0.23,14.9,0.039,47,142,0.99705,3.14,0.35,9.7,"Bad"
"619","W",6.9,0.2,0.4,7.7,0.032,51,176,0.9939,3.22,0.27,11.4,"Bad"
"620","W",5.2,0.17,0.27,0.7,0.03,11,68,0.99218,3.3,0.41,9.8,"Bad"
"621","W",7.4,0.16,0.27,15.5,0.05,25,135,0.9984,2.9,0.43,8.7,"Good"
"622","R",8.6,0.42,0.39,1.8,0.068,6,12,0.99516,3.35,0.69,11.7,"Good"
"623","R",7.9,0.72,0.17,2.6,0.096,20,38,0.9978,3.4,0.53,9.5,"Good"
"624","W",6.5,0.43,0.28,11.25,0.032,31,87,0.9922,3.02,0.38,12.4,"Bad"
"625","W",6.6,0.26,0.31,4.8,0.138,41,168,0.9951,3.2,0.38,9.3,"Bad"
"626","W",5.9,0.2,0.23,1.5,0.037,38,93,0.99021,3.36,0.49,12,"Bad"
"627","W",9.1,0.28,0.49,2,0.059,10,112,0.9958,3.15,0.46,10.1,"Bad"
"628","W",6.6,0.56,0.15,10,0.037,38,157,0.99642,3.28,0.52,9.4,"Bad"
"629","R",6.2,0.57,0.1,2.1,0.048,4,11,0.99448,3.44,0.76,10.8,"Good"
"630","R",10.8,0.29,0.42,1.6,0.084,19,27,0.99545,3.28,0.73,11.9,"Good"
"631","R",6.2,0.39,0.43,2,0.071,14,24,0.99428,3.45,0.87,11.2,"Good"
"632","W",6.3,0.22,0.57,1.4,0.208,14,96,0.9932,3.16,0.43,10,"Good"
"633","W",7.2,0.23,0.82,1.3,0.149,70,109,0.99304,2.93,0.42,9.2,"Good"
"634","W",7.5,0.19,0.4,7.1,0.056,50,110,0.9954,3.06,0.52,9.9,"Bad"
"635","W",6.6,0.21,0.34,5.6,0.046,30,140,0.99299,3.22,0.38,11,"Bad"
"636","W",5.4,0.31,0.47,3,0.053,46,144,0.9931,3.29,0.76,10,"Bad"
"637","W",6.8,0.26,0.24,7.8,0.052,54,214,0.9961,3.13,0.47,8.9,"Bad"
"638","W",6.6,0.29,0.39,6.75,0.031,22,98,0.9913,3.15,0.8,12.9,"Good"
"639","W",6.4,0.17,0.34,1.5,0.093,43,136,0.9938,3.25,0.49,9.6,"Good"
"640","W",7.3,0.4,0.28,6.5,0.037,26,97,0.99148,3.16,0.58,12.6,"Good"
"641","W",5.4,0.22,0.29,1.2,0.045,69,152,0.99178,3.76,0.63,11,"Good"
"642","W",9.8,0.42,0.48,9.85,0.034,5,110,0.9958,2.87,0.29,10,"Bad"
"643","W",5.9,0.27,0.32,2,0.034,31,102,0.98952,3.16,0.56,12.3,"Good"
"644","W",7.2,0.34,0.34,12.6,0.048,7,41,0.9942,3.19,0.4,11.7,"Bad"
"645","W",6.1,0.28,0.25,6.9,0.056,44,201,0.9955,3.19,0.4,9.1,"Good"
"646","R",11.6,0.23,0.57,1.8,0.074,3,8,0.9981,3.14,0.7,9.9,"Bad"
"647","W",5.1,0.3,0.3,2.3,0.048,40,150,0.98944,3.29,0.46,12.2,"Good"
"648","R",5.8,1.01,0.66,2,0.039,15,88,0.99357,3.66,0.6,11.5,"Good"
"649","W",6.2,0.17,0.28,4.7,0.037,39,133,0.9931,3.41,0.46,10.8,"Good"
"650","W",6.8,0.17,0.74,2.4,0.053,61,182,0.9953,3.63,0.76,10.5,"Good"
"651","W",7,0.32,0.34,1.3,0.042,20,69,0.9912,3.31,0.65,12,"Good"
"652","W",6.7,0.32,0.32,1.7,0.031,31,114,0.98946,3.12,0.35,12.5,"Bad"
"653","W",7.2,0.21,0.36,15.7,0.045,68,183,0.99922,3.25,0.76,9.4,"Bad"
"654","W",6.4,0.43,0.27,1.1,0.054,5,110,0.9939,3.24,0.52,9.1,"Bad"
"655","R",7.6,0.51,0.15,2.8,0.11,33,73,0.9955,3.17,0.63,10.2,"Good"
"656","W",6.1,0.41,0,1.6,0.063,36,87,0.9914,3.27,0.67,10.8,"Good"
"657","W",6.7,0.26,0.26,4.1,0.073,36,202,0.9956,3.3,0.67,9.5,"Bad"
"658","W",5.9,0.27,0.27,5,0.035,14,97,0.99058,3.1,0.33,11.8,"Good"
"659","W",8.7,0.22,0.42,2.3,0.053,27,114,0.994,2.99,0.43,10,"Bad"
"660","W",8.1,0.22,0.28,7.7,0.043,57,176,0.9954,3.12,0.55,10,"Bad"
"661","W",9.2,0.28,0.49,11.8,0.042,29,137,0.998,3.1,0.34,10.1,"Bad"
"662","W",5.3,0.275,0.24,7.4,0.038,28,114,0.99313,3.38,0.51,11,"Good"
"663","W",7.1,0.36,0.28,2.4,0.036,35,115,0.98936,3.19,0.44,13.5,"Bad"
"664","W",6.7,0.41,0.27,2.6,0.033,25,85,0.99086,3.05,0.34,11.7,"Bad"
"665","W",7.2,0.24,0.24,1.7,0.045,18,161,0.99196,3.25,0.53,11.2,"Bad"
"666","R",8,0.52,0.03,1.7,0.07,10,35,0.99575,3.34,0.57,10,"Bad"
"667","R",7,0.56,0.17,1.7,0.065,15,24,0.99514,3.44,0.68,10.55,"Good"
"668","W",8.3,0.21,0.49,19.8,0.054,50,231,1.0012,2.99,0.54,9.2,"Bad"
"669","W",5.9,0.25,0.19,12.4,0.047,50,162,0.9973,3.35,0.38,9.5,"Bad"
"670","R",7.6,0.43,0.31,2.1,0.069,13,74,0.9958,3.26,0.54,9.9,"Good"
"671","W",7.3,0.33,0.4,6.85,0.038,32,138,0.992,3.03,0.3,11.9,"Good"
"672","W",6.7,0.34,0.3,8.5,0.059,24,152,0.99615,3.46,0.64,11,"Good"
"673","W",6.1,0.41,0,1.6,0.063,36,87,0.9914,3.27,0.67,10.8,"Good"
"674","R",8.5,0.34,0.44,1.7,0.079,6,12,0.99605,3.52,0.63,10.7,"Good"
"675","R",7.1,0.68,0.07,1.9,0.075,16,51,0.99685,3.38,0.52,9.5,"Bad"
"676","W",6.8,0.32,0.34,6,0.05,5,129,0.9953,3.19,0.4,9.1,"Bad"
"677","W",6.7,0.41,0.27,2.6,0.033,25,85,0.99086,3.05,0.34,11.7,"Bad"
"678","W",7.2,0.24,0.29,2.2,0.037,37,102,0.992,3.27,0.64,11,"Good"
"679","W",5.8,0.32,0.28,4.3,0.032,46,115,0.98946,3.16,0.57,13,"Good"
"680","W",6.7,0.39,0.31,2.7,0.054,27,202,0.9948,3.46,0.57,10.5,"Bad"
"681","W",6.5,0.37,0.33,3.9,0.027,40,130,0.9906,3.28,0.39,12.7,"Good"
"682","W",7.3,0.32,0.35,1.4,0.05,8,163,0.99244,3.24,0.42,10.7,"Good"
"683","W",7.7,0.39,0.3,5.2,0.037,29,131,0.9943,3.38,0.44,11,"Bad"
"684","W",6.6,0.25,0.39,1.45,0.04,40,89,0.9911,3.35,0.4,11.4,"Good"
"685","W",6.3,0.32,0.17,17.75,0.06,51,190,0.99916,3.13,0.48,8.8,"Good"
"686","W",4.9,0.345,0.34,1,0.068,32,143,0.99138,3.24,0.4,10.1,"Bad"
"687","W",6.4,0.12,0.3,1.1,0.031,37,94,0.98986,3.01,0.56,11.7,"Bad"
"688","W",8.6,0.23,0.46,1,0.054,9,72,0.9941,2.95,0.49,9.1,"Bad"
"689","W",6.7,0.41,0.27,2.6,0.033,25,85,0.99086,3.05,0.34,11.7,"Bad"
"690","W",5.8,0.3,0.42,1.1,0.036,19,113,0.98871,3.1,0.46,12.6,"Good"
"691","R",7.6,0.55,0.21,2.2,0.071,7,28,0.9964,3.28,0.55,9.7,"Bad"
"692","W",7.5,0.38,0.29,4.9,0.021,38,113,0.99026,3.08,0.48,13,"Good"
"693","W",6.5,0.36,0.31,13.55,0.053,20,113,0.99544,3.2,0.56,11,"Bad"
"694","W",6.2,0.37,0.24,6.1,0.032,19,86,0.98934,3.04,0.26,13.4,"Good"
"695","W",5.7,0.26,0.25,10.4,0.02,7,57,0.994,3.39,0.37,10.6,"Bad"
"696","W",8.4,0.31,0.31,0.95,0.021,52,148,0.99038,2.93,0.32,11.5,"Good"
"697","W",7.8,0.43,0.49,13,0.033,37,158,0.9955,3.14,0.35,11.3,"Bad"
"698","W",6.5,0.22,0.25,17.1,0.05,44,138,1.0001,3.3,0.37,8.8,"Bad"
"699","W",7.1,0.43,0.61,11.8,0.045,54,155,0.9974,3.11,0.45,8.7,"Bad"
"700","W",8.9,0.26,0.33,8.1,0.024,47,202,0.99558,3.13,0.46,10.8,"Good"
"701","W",6.7,0.31,0.31,4.9,0.031,20,151,0.9926,3.36,0.82,12,"Good"
"702","R",8.3,0.28,0.48,2.1,0.093,6,12,0.99408,3.26,0.62,12.4,"Good"
"703","W",6.1,0.38,0.14,3.9,0.06,27,113,0.99344,3.07,0.34,9.2,"Bad"
"704","W",5.5,0.16,0.22,4.5,0.03,30,102,0.9938,3.24,0.36,9.4,"Bad"
"705","W",6.5,0.44,0.49,7.7,0.045,16,169,0.9957,3.11,0.37,8.7,"Good"
"706","W",5.8,0.32,0.31,2.7,0.049,25,153,0.99067,3.44,0.73,12.2,"Good"
"707","W",7.8,0.19,0.26,8.9,0.039,42,182,0.996,3.18,0.46,9.9,"Good"
"708","W",6.5,0.2,0.24,9.2,0.044,25,150,0.99502,3.22,0.44,10.5,"Bad"
"709","W",6.4,0.5,0.2,2.4,0.059,19,112,0.99314,3.18,0.4,9.2,"Bad"
"710","W",7.8,0.49,0.49,7,0.043,29,149,0.9952,3.21,0.33,10,"Bad"
"711","W",7,0.16,0.25,14.3,0.044,27,149,0.998,2.91,0.46,9.2,"Good"
"712","R",7.1,0.43,0.42,5.5,0.07,29,129,0.9973,3.42,0.72,10.5,"Bad"
"713","W",6.7,0.42,0.39,12.1,0.04,61,248,0.99794,3.31,0.58,9.7,"Good"
"714","W",8,0.23,0.41,1.1,0.048,35,150,0.99168,3.09,0.47,11.2,"Bad"
"715","W",7.9,0.26,0.41,15.15,0.04,38,216,0.9976,2.96,0.6,10,"Bad"
"716","W",7.3,0.25,0.29,7.5,0.049,38,158,0.9965,3.43,0.38,9.6,"Bad"
"717","W",6.3,0.41,0.22,7.3,0.035,23,117,0.99172,3.2,0.39,11.94,"Good"
"718","W",8,0.24,0.33,1.2,0.044,28,101,0.99035,3.03,0.43,12.5,"Bad"
"719","W",7.8,0.25,0.34,13.7,0.044,66,184,0.99976,3.22,0.75,8.9,"Good"
"720","R",9.7,0.69,0.32,2.5,0.088,22,91,0.9979,3.29,0.62,10.1,"Bad"
"721","W",7.9,0.16,0.3,7.4,0.05,58,152,0.99612,3.12,0.37,9.5,"Bad"
"722","W",7.8,0.27,0.58,11.2,0.036,44,161,0.9977,3.06,0.41,8.9,"Bad"
"723","W",7.3,0.2,0.37,1.2,0.037,48,119,0.992,3.32,0.49,10.9,"Good"
"724","R",8.7,0.69,0.31,3,0.086,23,81,1.0002,3.48,0.74,11.6,"Good"
"725","W",7,0.53,0.43,6.1,0.029,6,76,0.99118,3.08,0.5,12.5,"Good"
"726","W",6.7,0.34,0.26,1.9,0.038,58,138,0.9893,3,0.47,12.2,"Good"
"727","W",7.6,0.2,0.26,4.5,0.086,37,133,0.9963,3.15,0.42,9.2,"Good"
"728","R",11.8,0.26,0.52,1.8,0.071,6,10,0.9968,3.2,0.72,10.2,"Good"
"729","W",6.5,0.26,0.27,12.9,0.044,69,215,0.9967,3.17,0.43,10,"Bad"
"730","W",6.6,0.23,0.3,14.9,0.051,33,118,0.99835,3.04,0.54,9,"Bad"
"731","W",7.4,0.22,0.33,2,0.045,31,101,0.9931,3.42,0.55,11.4,"Bad"
"732","W",6.9,0.3,0.45,1.4,0.039,36,122,0.99059,3.07,0.47,11.1,"Good"
"733","R",6.9,0.39,0.24,2.1,0.102,4,7,0.99462,3.44,0.58,11.4,"Bad"
"734","W",7.1,0.28,0.49,6.5,0.041,28,111,0.9926,3.41,0.58,12.2,"Good"
"735","W",7.6,0.34,0.39,7.6,0.04,45,215,0.9965,3.11,0.53,9.2,"Bad"
"736","R",12.4,0.42,0.49,4.6,0.073,19,43,0.9978,3.02,0.61,9.5,"Bad"
"737","W",7.6,0.31,0.29,10.5,0.04,21,145,0.9966,3.04,0.35,9.4,"Bad"
"738","W",6.2,0.76,0.01,3.2,0.041,18,120,0.99026,3.2,0.94,13.7,"Good"
"739","W",6.5,0.18,0.33,1.4,0.029,35,138,0.99114,3.36,0.6,11.5,"Bad"
"740","W",6.8,0.31,0.19,3.5,0.086,30,130,0.993,2.83,0.44,9.6,"Bad"
"741","R",8.2,0.28,0.4,2.4,0.052,4,10,0.99356,3.33,0.7,12.8,"Good"
"742","W",6.4,0.26,0.21,8.2,0.05,51,182,0.99542,3.23,0.48,9.5,"Bad"
"743","W",6,0.33,0.27,0.8,0.185,12,188,0.9924,3.12,0.62,9.4,"Bad"
"744","R",9,0.46,0.23,2.8,0.092,28,104,0.9983,3.1,0.56,9.2,"Bad"
"745","W",7.6,0.285,0.32,14.6,0.063,32,201,0.998,3,0.45,9.2,"Bad"
"746","W",6.9,0.19,0.35,13.5,0.038,49,118,0.99546,3,0.63,10.7,"Good"
"747","W",7,0.35,0.3,6.5,0.028,27,87,0.9936,3.4,0.42,11.4,"Good"
"748","R",6.8,0.67,0.15,1.8,0.118,13,20,0.9954,3.42,0.67,11.3,"Good"
"749","W",7,0.23,0.26,7.2,0.041,21,90,0.99509,3.22,0.55,9.5,"Good"
"750","W",6.7,0.105,0.32,12.4,0.051,34,106,0.998,3.54,0.45,9.2,"Good"
"751","W",7.2,0.36,0.36,5.7,0.038,26,98,0.9914,2.93,0.59,12.5,"Good"
"752","R",9.6,0.6,0.5,2.3,0.079,28,71,0.9997,3.5,0.57,9.7,"Bad"
"753","R",7.7,0.835,0,2.6,0.081,6,14,0.9975,3.3,0.52,9.3,"Bad"
"754","W",7.4,0.41,0.66,10.8,0.051,77,194,0.9976,3.05,0.46,8.7,"Bad"
"755","W",6.5,0.315,0.2,6.6,0.041,9,126,0.99494,2.94,0.51,8.8,"Good"
"756","W",6.5,0.25,0.27,15.2,0.049,75,217,0.9972,3.19,0.39,9.9,"Bad"
"757","W",6.8,0.2,0.27,1.2,0.034,19,68,0.9902,3.14,0.37,11.7,"Bad"
"758","W",7.1,0.2,0.36,11.6,0.042,45,124,0.997,2.92,0.59,9.5,"Good"
"759","W",6.8,0.18,0.32,7.2,0.047,17,109,0.99498,3.42,0.44,10.4,"Good"
"760","R",8.9,0.12,0.45,1.8,0.075,10,21,0.99552,3.41,0.76,11.9,"Good"
"761","R",7.9,0.58,0.23,2.3,0.076,23,94,0.99686,3.21,0.58,9.5,"Good"
"762","W",6.7,0.46,0.27,5.2,0.039,35,96,0.99129,3.16,0.44,12.4,"Good"
"763","R",8.7,0.42,0.45,2.4,0.072,32,59,0.99617,3.33,0.77,12,"Good"
"764","W",6.9,0.35,0.74,1,0.044,18,132,0.992,3.13,0.55,10.2,"Bad"
"765","W",7.2,0.6,0.2,9.9,0.07,21,174,0.9971,3.03,0.54,9.1,"Bad"
"766","W",6.8,0.32,0.3,3.3,0.029,15,80,0.99061,3.33,0.63,12.6,"Good"
"767","R",7.7,0.69,0.22,1.9,0.084,18,94,0.9961,3.31,0.48,9.5,"Bad"
"768","W",7.2,0.25,0.28,14.4,0.055,55,205,0.9986,3.12,0.38,9,"Good"
"769","W",8,0.24,0.48,6.8,0.047,13,134,0.99616,3.23,0.7,10,"Bad"
"770","R",7.2,0.41,0.3,2.1,0.083,35,72,0.997,3.44,0.52,9.4,"Bad"
"771","W",6.7,0.24,0.26,12.6,0.053,44,182,0.99802,3.42,0.42,9.7,"Bad"
"772","W",5.6,0.19,0.31,2.7,0.027,11,100,0.98964,3.46,0.4,13.2,"Good"
"773","W",6.8,0.23,0.32,1.6,0.026,43,147,0.9904,3.29,0.54,12.5,"Bad"
"774","R",10.3,0.41,0.42,2.4,0.213,6,14,0.9994,3.19,0.62,9.5,"Good"
"775","W",6.1,0.31,0.37,8.4,0.031,70,170,0.9934,3.42,0.4,11.7,"Good"
"776","R",12.8,0.3,0.74,2.6,0.095,9,28,0.9994,3.2,0.77,10.8,"Bad"
"777","R",10.3,0.27,0.24,2.1,0.072,15,33,0.9956,3.22,0.66,12.8,"Good"
"778","W",8.9,0.26,0.33,8.1,0.024,47,202,0.99558,3.13,0.46,10.8,"Good"
"779","W",6.7,0.44,0.22,4.3,0.032,19,99,0.99015,3.26,0.53,12.8,"Good"
"780","W",8.1,0.2,0.3,1.3,0.036,7,49,0.99242,2.99,0.73,10.3,"Bad"
"781","W",8.9,0.33,0.32,1.5,0.047,11,200,0.9954,3.19,0.46,9.4,"Bad"
"782","R",7.4,0.53,0.12,1.9,0.165,4,12,0.99702,3.26,0.86,9.2,"Bad"
"783","W",7.6,0.4,0.27,1.2,0.053,23,193,0.99164,3.22,0.38,11.6,"Bad"
"784","R",7.1,0.16,0.44,2.5,0.068,17,31,0.99328,3.35,0.54,12.4,"Bad"
"785","R",6.5,0.61,0,2.2,0.095,48,59,0.99541,3.61,0.7,11.5,"Bad"
"786","W",6.9,0.44,0.42,8.5,0.048,10,147,0.9974,3.32,0.46,9.5,"Bad"
"787","W",7.4,0.16,0.3,1.4,0.064,34,166,0.99136,3.11,0.42,11.43333333,"Good"
"788","R",7.7,0.66,0.04,1.6,0.039,4,9,0.9962,3.4,0.47,9.4,"Bad"
"789","R",10.7,0.9,0.34,6.6,0.112,23,99,1.00289,3.22,0.68,9.3,"Bad"
"790","W",6.9,0.2,0.3,4.7,0.041,40,148,0.9932,3.16,0.35,10.2,"Good"
"791","W",6,0.1,0.24,1.1,0.041,15,65,0.9927,3.61,0.61,10.3,"Good"
"792","W",6.7,0.27,0.31,15.7,0.036,44,179,0.9979,3.26,0.56,9.6,"Bad"
"793","W",7.4,0.36,0.33,1.4,0.025,27,55,0.9915,3.21,0.33,11.2,"Bad"
"794","W",6.9,0.19,0.6,4,0.037,6,122,0.99255,2.92,0.59,10.4,"Bad"
"795","R",8.6,0.45,0.31,2.6,0.086,21,50,0.9982,3.37,0.91,9.9,"Good"
"796","W",7.4,0.2,0.36,1.2,0.038,44,111,0.9926,3.36,0.34,9.9,"Good"
"797","W",7.3,0.26,0.36,5.2,0.04,31,141,0.9931,3.16,0.59,11,"Good"
"798","R",8,0.6,0.08,2.6,0.056,3,7,0.99286,3.22,0.37,13,"Bad"
"799","W",7.4,0.27,0.26,11.8,0.053,55,173,0.99699,3.11,0.6,9.8,"Bad"
"800","W",6.2,0.25,0.28,8.5,0.035,28,108,0.99486,3.4,0.42,10.4,"Good"
"801","W",6.9,0.28,0.41,1.4,0.016,6,55,0.98876,3.16,0.4,13.4,"Bad"
"802","W",8,0.45,0.28,10.8,0.051,25,157,0.9957,3.06,0.47,11.4,"Good"
"803","W",6.2,0.2,0.31,1,0.031,22,73,0.99035,3.24,0.52,11.3,"Good"
"804","W",7.5,0.41,0.23,14.8,0.054,28,174,0.99898,3.18,0.49,9.7,"Bad"
"805","W",6.4,0.15,0.29,1.8,0.044,21,115,0.99166,3.1,0.38,10.2,"Bad"
"806","W",6.6,0.38,0.36,9.2,0.061,42,214,0.9976,3.31,0.56,9.4,"Bad"
"807","W",6.3,0.37,0.37,1.5,0.024,12,76,0.98876,2.94,0.39,12.3,"Bad"
"808","W",6.7,0.37,0.41,6.3,0.061,22,149,0.9953,3.16,0.47,9.6,"Bad"
"809","R",8.4,0.25,0.39,2,0.041,4,10,0.99386,3.27,0.71,12.5,"Good"
"810","W",7,0.24,0.24,1.8,0.047,29,91,0.99251,3.3,0.43,9.9,"Bad"
"811","W",6.7,0.26,0.51,8,0.062,50,194,0.99545,3.13,0.5,9.6,"Bad"
"812","W",6.6,0.22,0.53,15.1,0.052,22,136,0.9986,2.94,0.35,9.4,"Bad"
"813","R",9.8,0.44,0.47,2.5,0.063,9,28,0.9981,3.24,0.65,10.8,"Bad"
"814","W",6.5,0.28,0.35,15.4,0.042,55,195,0.9978,3.23,0.5,9.6,"Good"
"815","W",8.4,0.58,0.27,12.15,0.033,37,116,0.9959,2.99,0.39,10.8,"Bad"
"816","W",6.4,0.37,0.37,4.85,0.041,39.5,216.5,0.99432,3.1,0.5,9.8,"Good"
"817","R",6.6,0.63,0,4.3,0.093,51,77.5,0.99558,3.2,0.45,9.5,"Bad"
"818","W",7.7,0.24,0.31,1.3,0.047,33,106,0.993,3.22,0.55,10.8,"Bad"
"819","R",7.8,0.735,0.08,2.4,0.092,10,41,0.9974,3.24,0.71,9.8,"Good"
"820","W",8.4,0.19,0.43,2.1,0.052,20,104,0.994,2.85,0.46,9.5,"Good"
"821","R",9.5,0.56,0.33,2.4,0.089,35,67,0.9972,3.28,0.73,11.8,"Good"
"822","R",6.2,0.6,0.08,2,0.09,32,44,0.9949,3.45,0.58,10.5,"Bad"
"823","R",6.9,0.63,0.01,2.4,0.076,14,39,0.99522,3.34,0.53,10.8,"Bad"
"824","W",7.4,0.2,0.28,9.1,0.047,29,95,0.99532,3.16,0.47,9.8,"Good"
"825","W",6,0.35,0.46,0.9,0.033,9,65,0.98934,3.24,0.35,12.1,"Bad"
"826","W",6.9,0.19,0.31,19.25,0.043,38,167,0.99954,2.93,0.52,9.1,"Good"
"827","W",7.1,0.18,0.39,15.25,0.047,45,158,0.99946,3.34,0.77,9.1,"Bad"
"828","W",6.5,0.27,0.26,11,0.03,2,82,0.99402,3.07,0.36,11.2,"Bad"
"829","R",7.6,0.715,0,2.1,0.068,30,35,0.99533,3.48,0.65,11.4,"Good"
"830","W",7.3,0.19,0.68,1.5,0.05,31,156,0.9946,3.32,0.64,9.4,"Bad"
"831","W",10.3,0.17,0.47,1.4,0.037,5,33,0.9939,2.89,0.28,9.6,"Bad"
"832","W",8,0.43,0.4,12.4,0.168,29,190,0.9991,3.07,0.64,9.2,"Bad"
"833","W",7.1,0.31,0.25,11.2,0.048,32,136,0.99663,3.14,0.4,9.5,"Bad"
"834","R",7.1,0.46,0.14,2.8,0.076,15,37,0.99624,3.36,0.49,10.7,"Good"
"835","R",8.1,0.53,0.22,2.2,0.078,33,89,0.99678,3.26,0.46,9.6,"Good"
"836","W",6,0.32,0.33,9.9,0.032,22,90,0.99258,3.1,0.43,12.1,"Bad"
"837","W",5.8,0.35,0.29,3.2,0.034,41,151,0.9912,3.35,0.58,11.63333333,"Good"
"838","R",12.5,0.37,0.55,2.6,0.083,25,68,0.9995,3.15,0.82,10.4,"Bad"
"839","W",6.8,0.33,0.28,1.2,0.032,38,131,0.9889,3.19,0.41,13,"Bad"
"840","W",6.1,0.29,0.27,1.7,0.024,13,76,0.9893,3.21,0.51,12.6,"Good"
"841","W",6.3,0.27,0.37,7.9,0.047,58,215,0.99542,3.19,0.48,9.5,"Good"
"842","R",6.9,0.49,0.1,2.3,0.074,12,30,0.9959,3.42,0.58,10.2,"Bad"
"843","W",5.8,0.26,0.24,9.2,0.044,55,152,0.9961,3.31,0.38,9.4,"Bad"
"844","W",6.6,0.41,0.24,4.9,0.158,47,144,0.99471,3.17,0.49,9.4,"Bad"
"845","W",6.3,0.28,0.3,3.1,0.039,24,115,0.9942,3.05,0.43,8.6,"Bad"
"846","W",7.6,0.27,0.29,2.5,0.059,37,115,0.99328,3.09,0.37,9.8,"Bad"
"847","W",8.5,0.25,0.27,4.7,0.031,31,92,0.9922,3.01,0.33,12,"Good"
"848","W",8.3,0.14,0.36,8.8,0.026,13,60,0.9956,3.13,0.35,11.05,"Good"
"849","R",9,0.6,0.29,2,0.069,32,73,0.99654,3.34,0.57,10,"Bad"
"850","R",6.4,0.53,0.09,3.9,0.123,14,31,0.9968,3.5,0.67,11,"Bad"
"851","W",7.4,0.15,0.42,1.7,0.045,49,154,0.992,3,0.6,10.4,"Bad"
"852","W",7.1,0.36,0.56,1.3,0.046,25,102,0.9923,3.24,0.33,10.5,"Good"
"853","R",7.9,0.33,0.41,1.5,0.056,6,35,0.99396,3.29,0.71,11,"Good"
"854","W",6.1,0.34,0.46,4.7,0.029,21,94,0.991,3.29,0.62,12.3,"Good"
"855","W",7.6,0.32,0.58,16.75,0.05,43,163,0.9999,3.15,0.54,9.2,"Bad"
"856","W",7.1,0.36,0.24,1.8,0.025,32,102,0.9903,3.34,0.59,12.8,"Good"
"857","W",9.2,0.27,0.34,10.5,0.043,49,228,0.9974,3.04,0.41,10.4,"Bad"
"858","W",6.7,0.23,0.26,1.4,0.06,33,154,0.9934,3.24,0.56,9.5,"Good"
"859","R",8,0.705,0.05,1.9,0.074,8,19,0.9962,3.34,0.95,10.5,"Bad"
"860","W",7.3,0.22,0.26,1.5,0.04,32,172,0.99194,3.27,0.48,11.2,"Bad"
"861","W",5.8,0.23,0.31,3.5,0.044,35,158,0.98998,3.19,0.37,12.1,"Good"
"862","W",7.2,0.39,0.62,11,0.047,66,178,0.9976,3.16,0.5,8.7,"Bad"
"863","W",7,0.3,0.27,1.5,0.076,24,145,0.99344,3.1,0.52,10.1,"Bad"
"864","R",6.9,0.41,0.33,2.2,0.081,22,36,0.9949,3.41,0.75,11.1,"Bad"
"865","W",6.4,0.18,0.48,4,0.186,64,150,0.9945,3.06,0.4,9.3,"Bad"
"866","W",7.1,0.29,0.28,9.3,0.048,50,141,0.9949,3.13,0.49,10.3,"Good"
"867","W",4.2,0.215,0.23,5.1,0.041,64,157,0.99688,3.42,0.44,8,"Bad"
"868","W",6.5,0.22,0.25,17.1,0.05,44,138,1.0001,3.3,0.37,8.8,"Bad"
"869","W",7.4,0.25,0.36,2.05,0.05,31,100,0.992,3.19,0.44,10.8,"Bad"
"870","W",5.7,0.36,0.21,6.7,0.038,51,166,0.9941,3.29,0.63,10,"Good"
"871","R",8,0.58,0.28,3.2,0.066,21,114,0.9973,3.22,0.54,9.4,"Good"
"872","W",5.8,0.28,0.35,2.3,0.053,36,114,0.9924,3.28,0.5,10.2,"Bad"
"873","W",6.6,0.36,0.52,11.3,0.046,8,110,0.9966,3.07,0.46,9.4,"Bad"
"874","W",7.9,0.16,0.3,7.4,0.05,58,152,0.99612,3.12,0.37,9.5,"Good"
"875","W",5,0.33,0.16,1.5,0.049,10,97,0.9917,3.48,0.44,10.7,"Bad"
"876","W",7.2,0.23,0.39,14.2,0.058,49,192,0.9979,2.98,0.48,9,"Good"
"877","R",9.2,0.59,0.24,3.3,0.101,20,47,0.9988,3.26,0.67,9.6,"Bad"
"878","W",6.9,0.22,0.31,6.3,0.029,41,131,0.99326,3.08,0.49,10.8,"Bad"
"879","W",5.5,0.21,0.25,1.2,0.04,18,75,0.99006,3.31,0.56,11.3,"Bad"
"880","W",6.8,0.32,0.34,6,0.05,5,129,0.9953,3.19,0.4,9.1,"Bad"
"881","R",9.9,0.35,0.41,2.3,0.083,11,61,0.9982,3.21,0.5,9.5,"Bad"
"882","W",7.5,0.705,0.1,13,0.044,44,214,0.99741,3.1,0.5,9.1,"Bad"
"883","W",6,0.43,0.34,7.6,0.045,25,118,0.99222,3.03,0.37,11,"Bad"
"884","W",7.1,0.21,0.33,1.2,0.039,34,97,0.99112,3.11,0.75,11.2,"Good"
"885","R",7.6,0.35,0.6,2.6,0.073,23,44,0.99656,3.38,0.79,11.1,"Good"
"886","W",7.3,0.25,0.36,2.1,0.034,30,177,0.99085,3.25,0.4,11.9,"Good"
"887","W",6.8,0.27,0.3,13,0.047,69,160,0.99705,3.16,0.5,9.6,"Bad"
"888","R",6.9,0.635,0.17,2.4,0.241,6,18,0.9961,3.4,0.59,10.3,"Bad"
"889","W",8.4,0.24,0.49,7.4,0.039,46,108,0.9934,3.03,0.33,11.9,"Good"
"890","W",5.3,0.24,0.33,1.3,0.033,25,97,0.9906,3.59,0.38,11,"Good"
"891","R",9.6,0.6,0.5,2.3,0.079,28,71,0.9997,3.5,0.57,9.7,"Bad"
"892","R",12.2,0.45,0.49,1.4,0.075,3,6,0.9969,3.13,0.63,10.4,"Bad"
"893","W",5.4,0.185,0.19,7.1,0.048,36,110,0.99438,3.26,0.41,9.5,"Bad"
"894","W",7.2,0.585,0.2,10.4,0.086,17,94,0.99681,3.13,0.4,9.4,"Bad"
"895","W",5.4,0.265,0.28,7.8,0.052,27,91,0.99432,3.19,0.38,10.4,"Bad"
"896","W",8.6,0.16,0.49,7.3,0.043,9,63,0.9953,3.13,0.59,10.5,"Good"
"897","W",5.6,0.235,0.29,1.2,0.047,33,127,0.991,3.34,0.5,11,"Good"
"898","R",12.6,0.39,0.49,2.5,0.08,8,20,0.9992,3.07,0.82,10.3,"Good"
"899","R",7.6,0.36,0.31,1.7,0.079,26,65,0.99716,3.46,0.62,9.5,"Good"
"900","R",7.1,0.16,0.44,2.5,0.068,17,31,0.99328,3.35,0.54,12.4,"Bad"
"901","R",8.3,0.26,0.42,2,0.08,11,27,0.9974,3.21,0.8,9.4,"Good"
"902","R",8,0.38,0.06,1.8,0.078,12,49,0.99625,3.37,0.52,9.9,"Good"
"903","W",8,0.24,0.36,1.5,0.047,17,129,0.9948,3.2,0.54,10,"Bad"
"904","W",8.6,0.27,0.46,6.1,0.032,13,41,0.993,2.89,0.34,10.9,"Bad"
"905","W",6.9,0.33,0.31,7.7,0.04,29,135,0.99226,3.11,0.57,12.3,"Good"
"906","R",5,1.02,0.04,1.4,0.045,41,85,0.9938,3.75,0.48,10.5,"Bad"
"907","W",7.8,0.29,0.29,3.15,0.044,41,117,0.99153,3.24,0.35,11.5,"Bad"
"908","W",7.1,0.2,0.36,11.6,0.042,45,124,0.997,2.92,0.59,9.5,"Good"
"909","W",6.6,0.18,0.28,3.3,0.044,18,91,0.993,3.42,0.64,10.8,"Good"
"910","W",6.7,0.18,0.3,6.4,0.048,40,251,0.9956,3.29,0.52,10,"Good"
"911","W",5.2,0.25,0.23,1.4,0.047,20,77,0.99001,3.32,0.62,11.4,"Bad"
"912","W",6.4,0.15,0.25,7.8,0.05,13,68,0.99394,3.16,0.4,9.9,"Bad"
"913","W",7.1,0.22,0.33,2.8,0.033,48,153,0.9899,3.15,0.38,12.7,"Good"
"914","W",6.1,0.22,0.31,1.4,0.039,40,129,0.99193,3.45,0.59,10.9,"Bad"
"915","W",6,0.24,0.34,1,0.036,52,184,0.99097,3.44,0.44,11.45,"Good"
"916","R",6.6,0.66,0,3,0.115,21,31,0.99629,3.45,0.63,10.3,"Bad"
"917","W",7,0.35,0.31,1.8,0.069,15,162,0.9944,3.18,0.47,9.4,"Good"
"918","W",7.5,0.32,0.37,1.2,0.048,22,184,0.9938,3.09,0.43,9.3,"Bad"
"919","W",5.9,0.27,0.29,11.4,0.036,31,115,0.9949,3.35,0.48,10.5,"Good"
"920","W",7,0.36,0.32,10.5,0.045,35,135,0.9935,3.09,0.33,11.6,"Good"
"921","W",7.3,0.22,0.49,9.4,0.034,29,134,0.9939,2.99,0.32,11,"Good"
"922","R",8.9,0.48,0.53,4,0.101,3,10,0.99586,3.21,0.59,12.1,"Good"
"923","W",6.3,0.3,0.91,8.2,0.034,50,199,0.99394,3.39,0.49,11.7,"Good"
"924","W",6.8,0.57,0.29,2.2,0.04,15,77,0.9938,3.32,0.74,10.2,"Bad"
"925","W",8.3,0.39,0.7,10.6,0.045,33,169,0.9976,3.09,0.57,9.4,"Bad"
"926","R",9,0.58,0.25,2,0.104,8,21,0.99769,3.27,0.72,9.6,"Bad"
"927","W",6.1,0.36,0.33,1.1,0.05,24,169,0.9927,3.15,0.78,9.5,"Good"
"928","W",6.9,0.4,0.17,12.9,0.033,59,186,0.99754,3.08,0.49,9.4,"Bad"
"929","R",7.9,0.29,0.49,2.2,0.096,21,59,0.99714,3.31,0.67,10.1,"Good"
"930","W",7.4,0.24,0.26,1.6,0.058,53,150,0.9936,3.18,0.5,9.9,"Good"
"931","W",6.5,0.17,0.31,1.5,0.041,34,121,0.99092,3.06,0.46,10.5,"Good"
"932","W",8,0.33,0.35,10,0.035,22,108,0.99457,3.12,0.36,11.6,"Bad"
"933","W",6.5,0.26,0.31,3.6,0.03,36,92,0.99026,3.22,0.62,12.6,"Good"
"934","R",7.4,0.965,0,2.2,0.088,16,32,0.99756,3.58,0.67,10.2,"Bad"
"935","W",8.6,0.34,0.36,1.4,0.045,11,119,0.99556,3.17,0.47,9.4,"Bad"
"936","W",7,0.23,0.33,5.8,0.04,25,136,0.995,3.19,0.58,9.5,"Good"
"937","R",10.9,0.37,0.58,4,0.071,17,65,0.99935,3.22,0.78,10.1,"Bad"
"938","W",7.9,0.34,0.44,6.5,0.027,47,126,0.99124,2.96,0.37,12.5,"Bad"
"939","W",7.7,0.28,0.35,15.3,0.056,31,117,0.9998,3.27,0.5,9.6,"Bad"
"940","W",5.5,0.28,0.21,1.6,0.032,23,85,0.99027,3.42,0.42,12.5,"Bad"
"941","W",8.2,0.18,0.49,1.1,0.033,28,81,0.9923,3,0.68,10.4,"Good"
"942","W",7,0.29,0.33,0.9,0.041,20,117,0.99048,3.21,0.5,11.4,"Bad"
"943","W",7.2,0.3,0.3,8.1,0.05,40,188,0.99652,3.15,0.49,9.1,"Bad"
"944","W",5.9,0.37,0.3,1.5,0.033,35,95,0.98986,3.36,0.56,12,"Good"
"945","W",7.2,0.25,0.39,18.95,0.038,42,155,0.9999,2.97,0.47,9,"Good"
"946","W",6.2,0.28,0.43,13,0.039,64,233,0.99745,3.08,0.38,8.9,"Bad"
"947","W",7,0.28,0.26,1.7,0.042,34,130,0.9925,3.43,0.5,10.7,"Good"
"948","W",5.6,0.15,0.31,5.3,0.038,8,79,0.9923,3.3,0.39,10.5,"Good"
"949","W",7,0.36,0.14,11.6,0.043,35,228,0.9977,3.13,0.51,8.9,"Bad"
"950","W",5.7,0.45,0.42,1.1,0.051,61,197,0.9932,3.02,0.4,9,"Good"
"951","R",9,0.62,0.04,1.9,0.146,27,90,0.9984,3.16,0.7,9.4,"Bad"
"952","W",6.8,0.73,0.2,6.6,0.054,25,65,0.99324,3.12,0.28,11.1,"Bad"
"953","W",6.8,0.11,0.27,8.6,0.044,45,104,0.99454,3.2,0.37,9.9,"Bad"
"954","W",6.6,0.26,0.52,8.2,0.047,52,191,0.99541,3.16,0.47,9.5,"Bad"
"955","W",6.4,0.35,0.21,2.1,0.051,46,171,0.9932,3.16,0.5,9.5,"Bad"
"956","W",7.6,0.3,0.4,2.2,0.054,29,175,0.99445,3.19,0.53,9.8,"Bad"
"957","R",6.2,0.51,0.14,1.9,0.056,15,34,0.99396,3.48,0.57,11.5,"Bad"
"958","W",7,0.24,0.35,1.5,0.052,51,128,0.9941,3.41,0.59,10.4,"Good"
"959","W",6.8,0.17,0.35,1.8,0.04,29,84,0.98961,2.91,0.57,12,"Good"
"960","W",7.5,0.23,0.32,9.2,0.038,54,191,0.9966,3.04,0.56,9.7,"Bad"
"961","W",6.5,0.33,0.32,1,0.041,39,120,0.99004,3.06,0.37,12.2,"Bad"
"962","W",5.5,0.31,0.29,3,0.027,16,102,0.99067,3.23,0.56,11.2,"Bad"
"963","R",8.3,0.65,0.1,2.9,0.089,17,40,0.99803,3.29,0.55,9.5,"Bad"
"964","W",6.5,0.23,0.36,16.3,0.038,43,133,0.99924,3.26,0.41,8.8,"Bad"
"965","W",6.7,0.24,0.36,8.4,0.042,42,123,0.99473,3.34,0.52,10.9,"Bad"
"966","W",5.4,0.255,0.33,1.2,0.051,29,122,0.99048,3.37,0.66,11.3,"Good"
"967","W",6.6,0.32,0.22,16.7,0.046,38,133,0.9979,3.22,0.67,10.4,"Good"
"968","W",6.3,0.29,0.23,14.2,0.037,24,99,0.99528,3.08,0.38,10.6,"Good"
"969","R",8.3,0.26,0.42,2,0.08,11,27,0.9974,3.21,0.8,9.4,"Bad"
"970","W",5,0.3,0.33,3.7,0.03,54,173,0.9887,3.36,0.3,13,"Bad"
"971","W",9,0.3,0.49,7.2,0.039,32,84,0.9938,2.94,0.32,11.5,"Bad"
"972","W",6.6,0.46,0.49,7.4,0.052,19,184,0.9956,3.11,0.38,9,"Bad"
"973","W",6.1,0.36,0.16,6.4,0.037,36,198,0.9944,3.17,0.62,9.9,"Bad"
"974","W",7.9,0.2,0.39,1,0.041,37,154,0.99093,3.08,0.43,11.9,"Bad"
"975","W",7.1,0.43,0.3,6.6,0.025,15,138,0.99126,3.18,0.46,12.6,"Bad"
"976","W",8.3,0.14,0.34,1.1,0.042,7,47,0.9934,3.47,0.4,10.2,"Good"
"977","W",5.6,0.18,0.58,1.25,0.034,29,129,0.98984,3.51,0.6,12,"Good"
"978","W",5.3,0.585,0.07,7.1,0.044,34,145,0.9945,3.34,0.57,9.7,"Bad"
"979","W",6.2,0.35,0.04,1.2,0.06,23,108,0.9934,3.26,0.54,9.2,"Bad"
"980","W",7.1,0.32,0.29,4,0.038,33,170,0.99463,3.27,0.64,10.2,"Bad"
"981","W",6.2,0.55,0.45,12,0.049,27,186,0.9974,3.17,0.5,9.3,"Bad"
"982","W",6.9,0.33,0.62,7.5,0.038,46,132,0.99143,3.23,0.43,13.4,"Good"
"983","W",7.3,0.205,0.31,1.7,0.06,34,110,0.9963,3.72,0.69,10.5,"Good"
"984","R",7.5,0.64,0,2.4,0.077,18,29,0.9965,3.32,0.6,10,"Bad"
"985","W",6.8,0.18,0.38,1.4,0.038,35,111,0.9918,3.32,0.59,11.2,"Good"
"986","W",8.4,0.2,0.31,2.8,0.054,16,89,0.99416,2.96,0.45,9.5,"Bad"
"987","W",7.1,0.09,0.3,6.2,0.032,24,134,0.993,2.99,0.39,10.9,"Good"
"988","W",7.5,0.33,0.38,8.7,0.126,49,199,0.99711,2.98,0.57,9.4,"Bad"
"989","R",8.6,0.37,0.65,6.4,0.08,3,8,0.99817,3.27,0.58,11,"Bad"
"990","W",6.4,0.32,0.27,4.9,0.034,18,122,0.9916,3.36,0.71,12.5,"Good"
"991","W",6.3,0.26,0.24,7.2,0.039,38,172,0.9958,3.49,0.64,9.7,"Good"
"992","R",7.3,0.44,0.2,1.6,0.049,24,64,0.9935,3.38,0.57,11.7,"Bad"
"993","W",7.2,0.24,0.3,1.6,0.048,27,131,0.9933,3.25,0.45,10.5,"Bad"
"994","W",5.8,0.28,0.28,4.2,0.044,52,158,0.992,3.35,0.44,10.7,"Good"
"995","W",8,0.2,0.3,8.1,0.037,42,130,0.99379,3.1,0.67,11.8,"Bad"
"996","W",6.9,0.18,0.3,2,0.038,39,190,0.9914,3.32,0.37,12.2,"Good"
"997","W",5.7,0.26,0.25,10.4,0.02,7,57,0.994,3.39,0.37,10.6,"Bad"
"998","W",8.7,0.49,0.57,17.8,0.052,34,243,1.0007,2.98,0.82,9,"Bad"
"999","W",9,0.26,0.34,6.7,0.029,21,162,0.99497,3.08,0.5,10.6,"Bad"
"1000","W",7.3,0.21,0.33,1,0.037,66,144,0.9923,3.11,0.52,10.2,"Good"
"1001","W",7,0.21,0.42,5.3,0.037,36,123,0.99321,3.14,0.52,10.9,"Good"
"1002","W",6,0.36,0.16,6.3,0.036,36,191,0.9942,3.17,0.62,9.8,"Bad"
"1003","W",5.9,0.17,0.29,3.1,0.03,32,123,0.98913,3.41,0.33,13.7,"Good"
"1004","W",6,0.25,0.28,2.2,0.026,54,126,0.9898,3.43,0.65,12.9,"Good"
"1005","R",6.8,0.51,0.01,2.1,0.074,9,25,0.9958,3.33,0.56,9.5,"Bad"
"1006","W",7.8,0.445,0.56,1,0.04,8,84,0.9938,3.25,0.43,10.8,"Good"
"1007","R",7.5,0.53,0.06,2.6,0.086,20,44,0.9965,3.38,0.59,10.7,"Good"
"1008","W",6.5,0.37,0.33,3.5,0.036,23,92,0.99136,3.18,0.38,11.2,"Good"
"1009","W",7.6,0.27,0.25,13.9,0.05,45,199,0.9984,3.34,0.5,9.8,"Good"
"1010","W",8,0.22,0.42,14.6,0.044,45,163,1.0003,3.21,0.69,8.6,"Good"
"1011","W",6,0.24,0.33,2.5,0.026,31,85,0.99014,3.13,0.5,11.3,"Good"
"1012","W",7.1,0.28,0.26,1.9,0.049,12,86,0.9934,3.15,0.38,9.4,"Bad"
"1013","W",6.5,0.2,0.31,2.1,0.033,32,95,0.989435,2.96,0.61,12,"Good"
"1014","W",7.7,0.24,0.31,1.3,0.047,33,106,0.993,3.22,0.55,10.8,"Bad"
"1015","W",7.5,0.38,0.29,12.7,0.05,25,209,0.9986,3.25,0.59,9.3,"Good"
"1016","W",7.5,0.42,0.2,1.4,0.06,15,168,0.9944,3.06,0.4,9.4,"Bad"
"1017","W",7.1,0.21,0.32,2.2,0.037,28,141,0.993,3.2,0.57,10,"Good"
"1018","R",9.4,0.685,0.26,2.4,0.082,23,143,0.9978,3.28,0.55,9.4,"Good"
"1019","R",6.2,0.56,0.09,1.7,0.053,24,32,0.99402,3.54,0.6,11.3,"Bad"
"1020","W",5.7,0.39,0.25,4.9,0.033,49,113,0.98966,3.26,0.58,13.1,"Good"
"1021","W",5.7,0.15,0.28,3.7,0.045,57,151,0.9913,3.22,0.27,11.2,"Good"
"1022","W",6.3,0.17,0.23,5.7,0.048,44,147,0.99382,3.08,0.54,10,"Bad"
"1023","W",6.8,0.24,0.4,1.8,0.047,34,105,0.99,3.13,0.49,12.8,"Good"
"1024","R",7.4,0.35,0.33,2.4,0.068,9,26,0.9947,3.36,0.6,11.9,"Bad"
"1025","W",3.8,0.31,0.02,11.1,0.036,20,114,0.99248,3.75,0.44,12.4,"Good"
"1026","R",12.5,0.38,0.6,2.6,0.081,31,72,0.9996,3.1,0.73,10.5,"Good"
"1027","R",7.2,0.35,0.26,1.8,0.083,33,75,0.9968,3.4,0.58,9.5,"Good"
"1028","W",7.6,0.2,0.3,14.2,0.056,53,212.5,0.999,3.14,0.46,8.9,"Good"
"1029","W",5.1,0.29,0.28,8.3,0.026,27,107,0.99308,3.36,0.37,11,"Good"
"1030","W",7.2,0.2,0.36,2.5,0.028,22,157,0.9938,3.48,0.49,10.6,"Bad"
"1031","W",5.7,0.25,0.22,9.8,0.049,50,125,0.99571,3.2,0.45,10.1,"Bad"
"1032","R",7.5,0.63,0.27,2,0.083,17,91,0.99616,3.26,0.58,9.8,"Bad"
"1033","W",6.6,0.43,0.24,11.9,0.04,54,159,0.99622,3.14,0.54,9.8,"Good"
"1034","W",6.1,0.36,0.33,1.1,0.05,24,169,0.9927,3.15,0.78,9.5,"Good"
"1035","W",6.5,0.28,0.34,4.6,0.054,22,130,0.99193,3.2,0.46,12,"Good"
"1036","R",9.1,0.775,0.22,2.2,0.079,12,48,0.9976,3.18,0.51,9.6,"Bad"
"1037","R",7,0.43,0.36,1.6,0.089,14,37,0.99615,3.34,0.56,9.2,"Good"
"1038","R",9.9,0.57,0.25,2,0.104,12,89,0.9963,3.04,0.9,10.1,"Bad"
"1039","W",7,0.12,0.29,10.3,0.039,41,98,0.99564,3.19,0.38,9.8,"Good"
"1040","W",8.9,0.13,0.49,1,0.028,6,24,0.9926,2.91,0.32,9.9,"Good"
"1041","R",7.2,0.695,0.13,2,0.076,12,20,0.99546,3.29,0.54,10.1,"Bad"
"1042","W",6.5,0.23,0.25,17.3,0.046,15,110,0.99828,3.15,0.42,9.2,"Bad"
"1043","W",7.7,0.24,0.31,1.3,0.047,33,106,0.993,3.22,0.55,10.8,"Bad"
"1044","R",8.5,0.37,0.2,2.8,0.09,18,58,0.998,3.34,0.7,9.6,"Bad"
"1045","R",10.6,0.44,0.68,4.1,0.114,6,24,0.997,3.06,0.66,13.4,"Good"
"1046","W",6.7,0.26,0.26,4.1,0.073,36,202,0.9956,3.3,0.67,9.5,"Bad"
"1047","W",6.8,0.31,0.42,6.9,0.046,50,173,0.9958,3.19,0.46,9,"Bad"
"1048","W",7.3,0.32,0.35,1.4,0.05,8,163,0.99244,3.24,0.42,10.7,"Good"
"1049","R",10,0.43,0.33,2.7,0.095,28,89,0.9984,3.22,0.68,10,"Bad"
"1050","R",6.6,0.63,0,4.3,0.093,51,77.5,0.99558,3.2,0.45,9.5,"Good"
"1051","W",7.6,0.32,0.34,18.35,0.054,44,197,1.0008,3.22,0.55,9,"Bad"
"1052","R",8.5,0.4,0.4,6.3,0.05,3,10,0.99566,3.28,0.56,12,"Bad"
"1053","W",7.2,0.25,0.39,18.95,0.038,42,155,0.9999,2.97,0.47,9,"Good"
"1054","R",8.5,0.32,0.42,2.3,0.075,12,19,0.99434,3.14,0.71,11.8,"Good"
"1055","R",7,0.69,0,1.9,0.114,3,10,0.99636,3.35,0.6,9.7,"Good"
"1056","W",6.6,0.25,0.39,1.45,0.04,40,89,0.9911,3.35,0.4,11.4,"Good"
"1057","R",8.8,0.33,0.41,5.9,0.073,7,13,0.99658,3.3,0.62,12.1,"Bad"
"1058","W",6.7,0.26,0.29,7.1,0.036,28,100,0.99534,3.08,0.36,9.3,"Good"
"1059","W",8.6,0.2,0.42,1.5,0.041,35,125,0.9925,3.11,0.49,11.4,"Good"
"1060","W",6.4,0.32,0.26,7.9,0.05,53,180,0.99514,3.14,0.5,9.6,"Bad"
"1061","W",5.7,0.22,0.33,1.9,0.036,37,110,0.98945,3.26,0.58,12.4,"Good"
"1062","W",6,0.26,0.34,1.3,0.046,6,29,0.9924,3.29,0.63,10.4,"Bad"
"1063","R",8.8,0.7,0,1.7,0.069,8,19,0.99701,3.31,0.53,10,"Good"
"1064","W",6,0.27,0.19,1.7,0.02,24,110,0.9898,3.32,0.47,12.6,"Good"
"1065","W",8.3,0.36,0.57,15,0.052,35,256,1.0001,2.93,0.64,8.6,"Bad"
"1066","W",5.7,0.29,0.16,7.9,0.044,48,197,0.99512,3.21,0.36,9.4,"Bad"
"1067","W",6.3,0.305,0.22,16,0.061,26,141,0.99824,3.08,0.5,9.1,"Good"
"1068","R",8.2,0.33,0.39,2.5,0.074,29,48,0.99528,3.32,0.88,12.4,"Good"
"1069","W",6.6,0.27,0.33,1.4,0.042,24,183,0.99215,3.29,0.46,10.7,"Bad"
"1070","W",7.8,0.24,0.38,2.1,0.058,14,167,0.994,3.21,0.55,9.9,"Bad"
"1071","W",7.7,0.28,0.35,15.3,0.056,31,117,0.9998,3.27,0.5,9.6,"Bad"
"1072","W",8.7,0.15,0.3,1.6,0.046,29,130,0.9942,3.22,0.38,9.8,"Good"
"1073","W",7.4,0.19,0.31,14.5,0.045,39,193,0.9986,3.1,0.5,9.2,"Good"
"1074","R",11.9,0.38,0.49,2.7,0.098,12,42,1.0004,3.16,0.61,10.3,"Bad"
"1075","W",7.5,0.29,0.67,8.1,0.037,53,166,0.9966,2.9,0.41,8.9,"Good"
"1076","R",7.2,0.34,0.24,2,0.071,30,52,0.99576,3.44,0.58,10.1,"Bad"
"1077","W",7.3,0.22,0.4,14.75,0.042,44.5,129.5,0.9998,3.36,0.41,9.1,"Good"
"1078","W",8.6,0.34,0.36,1.4,0.045,11,119,0.99556,3.17,0.47,9.4,"Bad"
"1079","W",6,0.2,0.26,6.8,0.049,22,93,0.9928,3.15,0.42,11,"Bad"
"1080","W",7,0.28,0.33,14.6,0.043,47,168,0.9994,3.34,0.67,8.8,"Bad"
"1081","W",7.4,0.19,0.3,1.4,0.057,33,135,0.993,3.12,0.5,9.6,"Bad"
"1082","W",6.2,0.16,0.47,1.4,0.029,23,81,0.99,3.26,0.42,12.2,"Bad"
"1083","R",8.4,0.39,0.1,1.7,0.075,6,25,0.99581,3.09,0.43,9.7,"Good"
"1084","W",6.6,0.28,0.3,7.8,0.049,57,202,0.9958,3.24,0.39,9.5,"Bad"
"1085","W",8.3,0.19,0.49,1.2,0.051,11,137,0.9918,3.06,0.46,11,"Good"
"1086","W",8,0.24,0.3,17.45,0.056,43,184,0.9997,3.05,0.5,9.2,"Good"
"1087","R",6,0.64,0.05,1.9,0.066,9,17,0.99496,3.52,0.78,10.6,"Bad"
"1088","W",6.2,0.15,0.46,1.6,0.039,38,123,0.993,3.38,0.51,9.7,"Bad"
"1089","W",7.3,0.41,0.24,6.8,0.057,41,163,0.9949,3.2,0.41,9.9,"Bad"
"1090","W",6.6,0.25,0.32,5.6,0.039,15,68,0.99163,2.96,0.52,11.1,"Good"
"1091","W",7,0.16,0.3,2.6,0.043,34,90,0.99047,2.88,0.47,11.2,"Good"
"1092","W",6.1,0.25,0.49,7.6,0.052,67,226,0.9956,3.16,0.47,8.9,"Good"
"1093","W",7,0.24,0.36,2.8,0.034,22,112,0.99,3.19,0.38,12.6,"Good"
"1094","W",6.1,0.32,0.24,1.5,0.036,38,124,0.9898,3.29,0.42,12.4,"Good"
"1095","W",6.2,0.43,0.49,6.4,0.045,12,115,0.9963,3.27,0.57,9,"Bad"
"1096","W",6.6,0.23,0.24,3.9,0.045,36,138,0.9922,3.15,0.64,11.3,"Good"
"1097","R",7,0.58,0.28,4.8,0.085,12,69,0.99633,3.32,0.7,11,"Good"
"1098","W",5.8,0.34,0.21,6.6,0.04,50,167,0.9941,3.29,0.62,10,"Bad"
"1099","W",7.1,0.28,0.26,1.9,0.049,12,86,0.9934,3.15,0.38,9.4,"Bad"
"1100","W",6.4,0.28,0.36,1.3,0.053,28,186,0.99211,3.31,0.45,10.8,"Bad"
"1101","W",7,0.21,0.28,8.6,0.045,37,221,0.9954,3.25,0.54,10.4,"Good"
"1102","W",6.6,0.39,0.28,9.2,0.036,10,92,0.99206,3.07,0.35,12.1,"Bad"
"1103","W",6.7,0.24,0.32,9,0.023,20,109,0.99262,3.34,0.35,12.6,"Bad"
"1104","W",6.1,0.21,0.19,1.4,0.046,51,131,0.99184,3.22,0.39,10.5,"Bad"
"1105","W",6,0.52,0.33,7.7,0.046,24,119,0.99224,3.04,0.38,11,"Bad"
"1106","W",8.2,0.23,0.49,0.9,0.057,15,73,0.9928,3.07,0.38,10.4,"Bad"
"1107","W",6.4,0.31,0.53,8.8,0.057,36,221,0.99642,3.17,0.44,9.1,"Bad"
"1108","W",6.8,0.19,0.4,9.85,0.055,41,103,0.99532,2.98,0.56,10.5,"Good"
"1109","W",8.8,0.19,0.3,5,0.028,34,120,0.99242,2.94,0.47,11.2,"Bad"
"1110","W",5.9,0.48,0.3,1.5,0.037,19,78,0.99057,3.47,0.42,11.9,"Good"
"1111","R",7.1,0.35,0.29,2.5,0.096,20,53,0.9962,3.42,0.65,11,"Good"
"1112","W",5.6,0.32,0.33,7.4,0.037,25,95,0.99268,3.25,0.49,11.1,"Good"
"1113","W",6.4,0.28,0.44,7.1,0.048,49,179,0.99528,3.15,0.48,9.2,"Bad"
"1114","W",6.7,0.26,0.49,8.1,0.052,48,197,0.99558,3.19,0.48,9.5,"Good"
"1115","W",6.5,0.3,0.27,4,0.038,37,97,0.99026,3.2,0.6,12.6,"Good"
"1116","W",6.7,0.61,0.21,1.65,0.117,40,240,0.9938,3.11,0.57,9.3,"Bad"
"1117","W",7.2,0.37,0.4,11.6,0.032,34,214,0.9963,3.1,0.51,9.8,"Good"
"1118","W",9.8,0.93,0.45,8.6,0.052,34,187,0.9994,3.12,0.59,10.2,"Bad"
"1119","W",8.7,0.23,0.32,13.4,0.044,35,169,0.99975,3.12,0.47,8.8,"Good"
"1120","W",7.6,0.31,0.23,12.7,0.054,20,139,0.99836,3.16,0.5,9.7,"Bad"
"1121","R",8.4,0.62,0.12,1.8,0.072,38,46,0.99504,3.38,0.89,11.8,"Bad"
"1122","W",6.4,0.14,0.31,1.2,0.034,53,138,0.99084,3.38,0.35,11.5,"Good"
"1123","W",8.8,0.28,0.45,6,0.022,14,49,0.9934,3.01,0.33,11.1,"Good"
"1124","R",8.3,0.615,0.22,2.6,0.087,6,19,0.9982,3.26,0.61,9.3,"Bad"
"1125","W",7.15,0.17,0.24,9.6,0.119,56,178,0.99578,3.15,0.44,10.2,"Good"
"1126","W",7.3,0.2,0.29,19.5,0.039,69,237,1.00037,3.1,0.48,9.2,"Good"
"1127","W",5.4,0.53,0.16,2.7,0.036,34,128,0.98856,3.2,0.53,13.2,"Good"
"1128","W",7.1,0.33,0.64,13.2,0.056,12,105,0.9972,3.05,0.39,9.2,"Bad"
"1129","W",6,0.27,0.27,1.6,0.046,32,113,0.9924,3.41,0.51,10.5,"Good"
"1130","W",7.2,0.15,0.39,1.8,0.043,21,159,0.9948,3.52,0.47,10,"Bad"
"1131","W",6.3,0.24,0.55,8.1,0.04,67,216,0.99596,3.24,0.5,9.2,"Good"
"1132","W",6.8,0.37,0.28,4,0.03,29,79,0.99,3.23,0.46,12.4,"Bad"
"1133","W",6.7,0.24,0.41,9.4,0.04,49,166,0.9954,3.12,0.61,9.9,"Good"
"1134","W",5.6,0.21,0.24,4.4,0.027,37,150,0.991,3.3,0.31,11.5,"Good"
"1135","W",6.6,0.26,0.22,18.15,0.05,23,139,0.99904,3.06,0.5,9.2,"Bad"
"1136","W",7.1,0.34,0.49,1.5,0.027,26,126,0.99,3.3,0.33,12.2,"Good"
"1137","W",7.3,0.19,0.27,13.9,0.057,45,155,0.99807,2.94,0.41,8.8,"Good"
"1138","W",6.6,0.32,0.26,4.6,0.031,26,120,0.99198,3.4,0.73,12.5,"Good"
"1139","W",5.5,0.12,0.33,1,0.038,23,131,0.99164,3.25,0.45,9.8,"Bad"
"1140","W",6.6,0.3,0.25,8,0.036,21,124,0.99362,3.06,0.38,10.8,"Good"
"1141","W",6.6,0.33,0.32,15.6,0.054,62,227,0.99734,3.25,0.56,10.4,"Good"
"1142","R",8.2,0.34,0.38,2.5,0.08,12,57,0.9978,3.3,0.47,9,"Good"
"1143","W",6.8,0.23,0.31,2.8,0.047,40,122,0.99126,3.06,0.64,10.9,"Good"
"1144","W",6.6,0.24,0.27,10.3,0.047,54,219,0.99742,3.04,0.45,8.8,"Bad"
"1145","W",8.9,0.3,0.35,4.6,0.032,32,148,0.99458,3.15,0.45,11.5,"Bad"
"1146","W",6.8,0.23,0.32,1.6,0.026,43,147,0.9904,3.29,0.54,12.5,"Bad"
"1147","R",8.1,0.825,0.24,2.1,0.084,5,13,0.9972,3.37,0.77,10.7,"Bad"
"1148","W",7.4,0.28,0.4,11.9,0.032,13,92,0.99629,3.01,0.46,10.8,"Bad"
"1149","R",6.4,0.39,0.33,3.3,0.046,12,53,0.99294,3.36,0.62,12.2,"Bad"
"1150","R",11.6,0.475,0.4,1.4,0.091,6,28,0.99704,3.07,0.65,10.03333333,"Good"
"1151","R",7.5,0.55,0.24,2,0.078,10,28,0.9983,3.45,0.78,9.5,"Good"
"1152","R",7.9,0.52,0.26,1.9,0.079,42,140,0.9964,3.23,0.54,9.5,"Bad"
"1153","W",7.2,0.23,0.38,6.1,0.067,20,90,0.99496,3.17,0.79,9.7,"Good"
"1154","R",10,0.49,0.2,11,0.071,13,50,1.0015,3.16,0.69,9.2,"Bad"
"1155","W",6.7,0.3,0.29,2.8,0.025,37,107,0.99159,3.31,0.63,11.3,"Good"
"1156","R",7.9,0.69,0.21,2.1,0.08,33,141,0.9962,3.25,0.51,9.9,"Bad"
"1157","W",7.4,0.33,0.26,15.6,0.049,67,210,0.99907,3.06,0.68,9.5,"Bad"
"1158","W",6.8,0.22,0.29,8.9,0.046,82,188,0.9955,3.3,0.44,10.3,"Bad"
"1159","W",7.8,0.26,0.44,1.3,0.037,43,132,0.9944,3.18,0.65,10,"Bad"
"1160","W",6.7,0.29,0.45,14.3,0.054,30,181,0.99869,3.14,0.57,9.1,"Bad"
"1161","W",6.3,0.29,0.4,6.5,0.039,43,167,0.9953,3.15,0.44,9.3,"Bad"
"1162","W",6.5,0.15,0.55,5.9,0.045,75,162,0.99482,2.97,0.4,9.3,"Bad"
"1163","W",5.8,0.3,0.38,4.9,0.039,22,86,0.98963,3.23,0.58,13.1,"Bad"
"1164","W",7.3,0.25,0.36,13.1,0.05,35,200,0.9986,3.04,0.46,8.9,"Good"
"1165","W",6.6,0.25,0.42,11.3,0.049,77,231,0.9966,3.24,0.52,9.5,"Good"
"1166","W",6.4,0.22,0.32,7.9,0.029,34,124,0.9948,3.4,0.39,10.2,"Good"
"1167","R",7.8,0.53,0.01,1.6,0.077,3,19,0.995,3.16,0.46,9.8,"Bad"
"1168","W",6.7,0.31,0.08,1.3,0.038,58,147,0.9922,3.18,0.46,10,"Bad"
"1169","W",5.6,0.19,0.47,4.5,0.03,19,112,0.9922,3.56,0.45,11.2,"Good"
"1170","W",5.7,0.255,0.65,1.2,0.079,17,137,0.99307,3.2,0.42,9.4,"Bad"
"1171","W",6.2,0.32,0.12,4.8,0.054,6,97,0.99424,3.16,0.5,9.3,"Bad"
"1172","R",8.7,0.42,0.45,2.4,0.072,32,59,0.99617,3.33,0.77,12,"Good"
"1173","R",10.5,0.24,0.47,2.1,0.066,6,24,0.9978,3.15,0.9,11,"Good"
"1174","W",6.4,0.17,0.27,1.5,0.037,20,98,0.9916,3.46,0.42,11,"Good"
"1175","W",6.4,0.28,0.36,1.3,0.053,28,186,0.99211,3.31,0.45,10.8,"Bad"
"1176","W",7.5,0.19,0.49,1.6,0.047,42,140,0.9932,3.4,0.47,10.7,"Bad"
"1177","W",6.8,0.18,0.28,9.8,0.039,29,113,0.99406,3.11,0.45,10.9,"Good"
"1178","W",8.4,0.28,0.4,8.9,0.048,33,146,0.9988,3.4,0.46,9.3,"Bad"
"1179","W",7.3,0.34,0.3,1.3,0.057,25,173,0.9948,3.26,0.51,9.1,"Good"
"1180","W",7.2,0.37,0.4,11.6,0.032,34,214,0.9963,3.1,0.51,9.8,"Good"
"1181","W",7.8,0.25,0.34,13.7,0.044,66,184,0.99976,3.22,0.75,8.9,"Bad"
"1182","R",7.7,0.54,0.26,1.9,0.089,23,147,0.99636,3.26,0.59,9.7,"Good"
"1183","W",6.5,0.24,0.32,7.6,0.038,48,203,0.9958,3.45,0.54,9.7,"Good"
"1184","W",6.3,0.27,0.46,11.1,0.053,44,177,0.99691,3.18,0.67,9.4,"Bad"
"1185","W",5,0.255,0.22,2.7,0.043,46,153,0.99238,3.75,0.76,11.3,"Bad"
"1186","W",6.6,0.24,0.3,11.3,0.026,11,77,0.99381,3.13,0.55,12.8,"Bad"
"1187","W",7.2,0.34,0.34,12.6,0.048,7,41,0.9942,3.19,0.4,11.7,"Bad"
"1188","W",6.2,0.25,0.44,15.8,0.057,39,167,0.99804,3.14,0.51,9.2,"Bad"
"1189","W",7.6,0.31,0.23,12.7,0.054,20,139,0.99836,3.16,0.5,9.7,"Bad"
"1190","W",5.9,0.36,0.41,1.3,0.047,45,104,0.9917,3.33,0.51,10.6,"Good"
"1191","R",8.3,0.54,0.28,1.9,0.077,11,40,0.9978,3.39,0.61,10,"Good"
"1192","W",6.9,0.25,0.47,8.4,0.042,36,156,0.99604,3.15,0.55,9.4,"Bad"
"1193","R",6,0.51,0,2.1,0.064,40,54,0.995,3.54,0.93,10.7,"Bad"
"1194","W",8.1,0.5,0.47,1.1,0.037,23,126,0.9938,3.21,0.42,10.9,"Bad"
"1195","W",7.7,0.32,0.61,11.8,0.041,66,188,0.99794,3,0.54,9.3,"Bad"
"1196","W",6.8,0.27,0.3,13,0.047,69,160,0.99705,3.16,0.5,9.6,"Good"
"1197","W",7.1,0.34,0.49,1.5,0.027,26,126,0.99,3.3,0.33,12.2,"Good"
"1198","W",5.6,0.695,0.06,6.8,0.042,9,84,0.99432,3.44,0.44,10.2,"Good"
"1199","R",7.2,0.66,0.33,2.5,0.068,34,102,0.99414,3.27,0.78,12.8,"Good"
"1200","W",7.1,0.365,0.14,1.2,0.055,24,84,0.9941,3.15,0.43,8.9,"Bad"
